ARTIST	TITLE	Chart Date	Peak Position	Weeks on Chart	Target Rank	Actual Rank	Sample ID#	YoutubeLink
Aaron Neville	Tell It Like It Is	1966/12/10	2	14	52	51	691	https://www.youtube.com/watch?v=RPtImg9oYyc
ABBA	Chiquitita	1979/12/15	29	12	34	35	183	https://www.youtube.com/watch?v=I1y4Wv2JlyM
ABBA	Fernando	1976/10/09	13	16	26	24	218	https://www.youtube.com/watch?v=G7_qMJyhRbA
ABBA	Honey, Honey	1974/09/21	27	10	73	72	902	https://www.youtube.com/watch?v=7j6OI9TxqzI
ABBA	Knowing Me, Knowing You	1977/07/02	14	15	23	24	231	https://www.youtube.com/watch?v=iUrzicaiRLU
ABBA	On And On And On	1981/07/04	90	6	91	91	894	https://www.youtube.com/watch?v=J7cpkZtMef8
ABBA	Take A Chance On Me	1978/05/06	3	18	32	30	961	https://www.youtube.com/watch?v=-crgQGdpZR0
Aerosmith	Last Child	1976/08/07	21	15	21	21	15	https://www.youtube.com/watch?v=DzVwt-1LpxE
Alabama	Take Me Down	1982/07/17	18	13	19	18	1082	https://www.youtube.com/watch?v=hhrUCq8LnQw
Alan O'Day	Undercover Angel	1977/08/27	1	25	31	31	367	https://www.youtube.com/watch?v=G-xRMw0NyW0
Al Green	Oh Me, Oh My (Dreams In My Arms)	1975/07/19	48	6	59	59	573	https://www.youtube.com/watch?v=VLiRMKqoX0s
Alice Cooper	Hey Stoopid	1991/07/27	78	5	99	99	599	https://www.youtube.com/watch?v=V_47P5dMVMc
Alice Cooper	School's Out	1972/07/29	7	13	8	7	195	https://www.youtube.com/watch?v=mBqiC5ox8Bw
Andy Gibb	Shadow Dancing	1978/09/30, 1978/09/02	1, 1	25, 25	96, 52	96, 50	193, 737	https://www.youtube.com/watch?v=Q8aAef31X2g
Anita Baker	Caught Up In The Rapture	1987/03/21, 1987/02/28	37, 37	18, 18	85, 56	85, 56	647, 709	https://www.youtube.com/watch?v=i8f0lLqkIDE
Anita Baker	Giving You The Best That I Got	1989/01/21	3	22	27	27	578	https://www.youtube.com/watch?v=8lbJgOJIS_8
Anita Baker	Sweet Love	1986/09/13	8	22	37	35	837	https://www.youtube.com/watch?v=NODt5v8kUBk
Anne Murray	Could I Have This Dance	1980/10/11	33	14	40	41	199	https://www.youtube.com/watch?v=2wagjpWtRII
Anne Murray	Daydream Believer	1980/04/12, 1980/01/05	12, 12	17, 17	69, 56	69, 56	312, 475	https://www.youtube.com/watch?v=9gN37gEKDrM
Anne Murray	Love Song	1974/01/05	12	17	62	60	917	https://www.youtube.com/watch?v=A0p4BU4ROE4
Ann Peebles	I Can't Stand The Rain	1973/09/22	38	21	68	70	377	https://www.youtube.com/watch?v=A09GZeORYlo
Aretha Franklin	Chain Of Fools	1967/12/23	2	12	16	17	418	https://www.youtube.com/watch?v=SUtBmwEWkqI
Aretha Franklin	I Never Loved A Man (The Way I Love You)	1967/05/13	9	11	32	32	403	https://www.youtube.com/watch?v=tAujPhoZyJo
Aretha Franklin	Oh Me Oh My (I'm A Fool For You Baby)	1972/01/22	73	4	75	75	1042	https://www.youtube.com/watch?v=cMDgu8Vo1Zs
Arthur Conley	Sweet Soul Music	1967/03/25	2	15	45	45	965	https://www.youtube.com/watch?v=grE0lwTsSPg
A Taste Of Honey	Sukiyaki	1981/04/25	3	24	31	30	1286	https://www.youtube.com/watch?v=xqFkUNqBwMw
Bachman-Turner Overdrive	Heartaches	1979/03/10	60	7	81	82	699	https://www.youtube.com/watch?v=cOQIb5zrOHI
Bachman-Turner Overdrive	Roll On Down The Highway	1975/01/25	14	11	55	55	351	https://www.youtube.com/watch?v=m6mshV6EJq8
Bad Company	Rock 'N' Roll Fantasy	1979/07/07	13	20	41	41	27	https://www.youtube.com/watch?v=YWWVQISpVaw
Badfinger	Maybe Tomorrow	1969/03/15	67	6	67	67	723	https://www.youtube.com/watch?v=qiblZZv9Oeg
Baltimora	Tarzan Boy (from the film Teenage Mutant Ninja Turtles III)	1986/01/18, 1985/12/21	13, 13	38, 38	39, 54	38, 52	572, 600	https://www.youtube.com/watch?v=9M9Phvor3dg
Bananarama	A Trick Of The Night	1987/01/31	76	7	88	86	99	https://www.youtube.com/watch?v=a5CufloZijs
Bananarama	Venus	1986/11/01	1	19	97	99	981	https://www.youtube.com/watch?v=d4-1ASpdT1Y
Barbara Lewis	Hello Stranger	1963/07/06	3	14	4	4	984	https://www.youtube.com/watch?v=-k0wveWxF2w
Barbra Streisand	Funny Girl	1964/10/10	44	9	47	45	1118	https://www.youtube.com/watch?v=4XC3mSrS3xc
Barbra Streisand	People	1964/08/08	5	19	36	36	49	https://www.youtube.com/watch?v=zMTpYx1Gywg
Barry White	You're The First, The Last, My Everything	1974/11/23	2	15	29	27	796	https://www.youtube.com/watch?v=ocd5XqcAdj0
Bay City Rollers	Saturday Night	1975/12/13	1	17	5	5	1228	https://www.youtube.com/watch?v=7BKKaKT_dtM
B.B. King	How Blue Can You Get	1964/03/28	97	2	96	97	510	https://www.youtube.com/watch?v=X48iDTOfwPM
B.B. King	The Thrill Is Gone	1970/03/28	15	14	45	44	605	https://www.youtube.com/watch?v=pC4DDkye8FU
Beastie Boys	Brass Monkey	1987/04/25	48	10	47	48	634	https://www.youtube.com/watch?v=acY2VSskD80
Ben E. King	Amor	1961/08/07	18	10	57	58	583	https://www.youtube.com/watch?v=QpRzBTXyP3E
Bertha Tillman	Oh My Angel	1962/06/09	61	9	61	61	511	https://www.youtube.com/watch?v=OK12oxPIf9s
Bette Midler	The Rose	1980/08/02, 1980/07/05	3, 3	25, 25	15,  3	16,  3	6, 1271	https://www.youtube.com/watch?v=jxvPjuREDpE
Bill Withers	Ain't No Sunshine	1971/08/21	3	16	24	23	1058	https://www.youtube.com/watch?v=CICIOJqEb5c
Bill Withers	Lovely Day	1978/02/25	30	12	77	79	823	https://www.youtube.com/watch?v=yfcTgnpo3vI
Billy Idol	Catch My Fall	1985/01/12	50	11	90	88	794	https://www.youtube.com/watch?v=EiMFvx43vpw
Billy Idol	Flesh For Fantasy	1984/09/15	29	12	39	39	464	https://www.youtube.com/watch?v=dw1oM7LBbxE
Billy Idol	Hot In The City	1982/09/25	23	27	23	23	920	https://www.youtube.com/watch?v=-kwRoV_zx5U
Billy Idol	Rebel Yell	1984/04/07	46	14	61	61	1167	https://www.youtube.com/watch?v=VdphvuyaV_I
Billy Idol	White Wedding	1983/07/23, 1983/07/02	36, 36	13, 13	54, 34	55, 36	701, 1296	https://www.youtube.com/watch?v=3jgtWzy-dPE
Billy Joel	An Innocent Man	1984/03/24	10	18	49	51	10	https://www.youtube.com/watch?v=qbWDq86H8VY
Billy Joel	Don't Ask Me Why	1980/10/18	19	15	58	57	969	https://www.youtube.com/watch?v=LwSWEJmQgkE
Billy Joel	Just The Way You Are	1978/01/14, 1978/04/29	3, 3	27, 27	14, 91	16, 92	240, 295	https://www.youtube.com/watch?v=tJWM5FmZyqU
Billy Joel	Pressure	1983/01/15	20	17	94	93	205	https://www.youtube.com/watch?v=Iyv905Q2omU
Billy Preston	With You I'm Born Again	1979/12/22	4	29	93	92	540	https://www.youtube.com/watch?v=vl2gNR2RYG0
Billy Squier	Don't Say You Love Me	1989/07/15	58	15	65	64	452	https://www.youtube.com/watch?v=-HlGVb2oohQ
Billy Squier	My Kinda Lover	1982/01/09	45	10	46	46	1051	https://www.youtube.com/watch?v=TITUqFWdQLs
Billy Squier	The Stroke	1981/05/16	17	20	82	84	963	https://www.youtube.com/watch?v=69fPof-ZTnU
Billy Swan	I Can Help	1974/09/28, 1974/11/30	1, 1	18, 18	88,  1	90,  1	601, 1093	https://www.youtube.com/watch?v=l_CFVkNA508
Bing Crosby	Silent Night	1960/12/19	54	2	64	64	123	https://www.youtube.com/watch?v=6GUnfLPpjLs
Bing Crosby	White Christmas	1962/12/29	12	13	40	38	241	https://www.youtube.com/watch?v=-eJwnD-XLzQ
Biz Markie	Just A Friend	1990/02/10	9	22	28	29	827	https://www.youtube.com/watch?v=9aofoBrFNdg
B.J. Thomas	Hooked On A Feeling	1968/12/14	5	16	22	23	1048	https://www.youtube.com/watch?v=Wqt_iZBvtCo
Blondie	Island Of Lost Souls	1982/07/31	37	10	96	95	1203	https://www.youtube.com/watch?v=L91_QKVdymA
Blondie	One Way Or Another	1979/06/16	24	14	48	47	743	https://www.youtube.com/watch?v=FYlYJ55miI0
Blue Cheer	Summertime Blues	1968/05/25	14	13	32	33	1170	https://www.youtube.com/watch?v=as1NcX31szs
Bobbie Gentry	Ode To Billie Joe	1976/07/24	1	20	75	77	1168	https://www.youtube.com/watch?v=cJZ_ViDADOE
Bobbi Martin	I Love You So	1965/06/19	70	7	72	74	56	https://www.youtube.com/watch?v=r1pLqRdk9lw
Bobby Bare	Detroit City	1963/07/20	16	12	24	24	133	https://www.youtube.com/watch?v=KN6OG1fHWfA
Bobby Darin	If I Were A Carpenter	1966/10/01	8	11	51	51	1265	https://www.youtube.com/watch?v=jNNWg7xkCQo
Bobby Womack	Sweet Caroline (Good Times Never Seemed So Good)	1972/09/09	51	9	63	63	915	https://www.youtube.com/watch?v=BLZNhBjshd0
Bobby Womack	That's The Way I Feel About Cha	1971/12/18	27	13	72	71	297	https://www.youtube.com/watch?v=Uyt106EA9w0
Bob Dylan	Gotta Serve Somebody	1979/10/06	24	12	41	39	282	https://www.youtube.com/watch?v=c8fWPn_-QZ8
Bob Seger	Against The Wind	1980/07/05	5	17	6	6	1177	https://www.youtube.com/watch?v=r5ZegCEmkN4
Bob Seger	American Storm	1986/05/24	13	14	37	36	1277	https://www.youtube.com/watch?v=0IBcWdUJNUY
Bob Seger	Even Now	1983/03/19	12	12	52	50	1208	https://www.youtube.com/watch?v=6H7Xtei62Ug
Bob Seger	Like A Rock	1986/08/16	12	13	93	91	941	https://www.youtube.com/watch?v=fMIJuuk1SFs
Bob Seger	Night Moves	1977/03/19	4	21	4	4	1171	https://www.youtube.com/watch?v=_mRFWQoXq4c
Bob Seger	Old Time Rock & Roll	1979/05/19	28	18	32	30	249	https://www.youtube.com/watch?v=_keOTaU9GcE
Bob Seger	Rock And Roll Never Forgets	1977/08/06	41	8	44	43	1071	https://www.youtube.com/watch?v=T8xNkmMxCE4
Bob Seger	Tryin' To Live My Life Without You	1981/10/24	5	19	11	11	830	https://www.youtube.com/watch?v=SqVnSx_ihmQ
Bo Diddley	You Can't Judge A Book By The Cover	1962/09/01	48	10	67	66	179	https://www.youtube.com/watch?v=TdJDtkMIpQQ
Bonnie Pointer	Heaven Must Have Sent You	1979/11/03	11	23	29	28	1232	https://www.youtube.com/watch?v=mTqiKeyXQlM
Bonnie Raitt	Nick Of Time	1990/05/26	92	3	91	92	627	https://www.youtube.com/watch?v=CR4LYkYX1yw
Boston	Amanda	1986/12/13	1	18	24	24	1234	https://www.youtube.com/watch?v=oisTdGBNcqo
Boston	Feelin' Satisfied	1979/03/31	46	7	66	65	952	https://www.youtube.com/watch?v=VCTwv2--Vho
Boyz II Men	Motownphilly	1991/08/10	3	24	14	14	97	https://www.youtube.com/watch?v=E2m1RPN9DxU
Bread	If	1971/06/05, 1971/06/05	4, 4	12, 12	18, 17	18, 18	106, 988	https://www.youtube.com/watch?v=IQyKMueMFGk
Bread	Sweet Surrender	1972/11/11	15	11	55	55	847	https://www.youtube.com/watch?v=j-OJV4hjwSI
Brenda Lee	All Alone Am I	1962/10/20	3	15	15	15	1253	https://www.youtube.com/watch?v=0rEMr7k6Y2g
Brenda Lee	As Usual	1964/02/15, 1964/01/04	12, 12	11, 11	32, 15	34, 14	288, 471	https://www.youtube.com/watch?v=OuguUOJ5IXo
Brenda Lee	Coming On Strong	1966/10/29	11	13	29	31	968	https://www.youtube.com/watch?v=GJhdrZUSTaU
Brenda Lee	Dum Dum	1961/07/03	4	12	21	20	356	https://www.youtube.com/watch?v=K0_0zNmLj0Q
Brenda Lee	Everybody Loves Me But You	1962/06/16	6	11	21	21	790	https://www.youtube.com/watch?v=NF13YHpuT4U
Brenda Lee	Heart In Hand	1962/07/07	15	8	65	65	484	https://www.youtube.com/watch?v=5HR0SUDmE2U
Brenda Lee	Losing You	1963/06/29	6	13	40	41	371	https://www.youtube.com/watch?v=4hiQhDFfiAE
Brenda Lee	Sweet Nothin's	1960/01/04	4	24	77	79	162	https://www.youtube.com/watch?v=KWgyum5fjJc
Brenda Lee	Too Many Rivers	1965/06/05	13	13	76	78	696	https://www.youtube.com/watch?v=5eJ-f1S-VqU
Brother Jack McDuff	Theme From Electric Surfboard	1969/12/27	95	2	97	95	251	https://www.youtube.com/watch?v=C5NfS5Z5yY8
Brownsville Station	Smokin' In The Boy's Room	1973/11/03, 1973/11/24	3, 3	19, 19	95, 49	93, 51	256, 755	https://www.youtube.com/watch?v=r_6CN_HXek8
Bruce Channel	Hey! Baby	1962/04/28	1	14	40	40	789	https://www.youtube.com/watch?v=r1NjITGI0F4
Bruce Springsteen	I'm Goin' Down	1985/11/09	9	13	32	32	426	https://www.youtube.com/watch?v=yxDOICemzw4
Bruce Springsteen	My Hometown	1985/12/14	6	15	44	44	1066	https://www.youtube.com/watch?v=77gKSp8WoRg
Buck Owens	I've Got A Tiger By The Tail	1965/01/23	25	9	84	85	1225	https://www.youtube.com/watch?v=YAsGn1FihaA
Buck Owens	Think Of Me	1966/05/28	74	5	99	99	1154	https://www.youtube.com/watch?v=7R8_jqNNHnA
Candi Staton	Young Hearts Run Free	1976/06/26, 1976/08/21	20, 20	16, 16	38, 20	40, 20	390, 522	https://www.youtube.com/watch?v=5x2PvC_PybY
Canned Heat	Let's Work Together	1970/10/10	26	11	85	84	577	https://www.youtube.com/watch?v=Hom0fYd5uX4
Canned Heat	On The Road Again	1968/08/24	16	11	70	72	688	https://www.youtube.com/watch?v=qRKNw477onU
Carl Carlton	Everlasting Love	1974/12/21	6	15	50	49	607	https://www.youtube.com/watch?v=Rw9UxnyR5a8
Charlie Rich	A Very Special Love Song	1974/03/02	11	14	50	51	779	https://www.youtube.com/watch?v=fjRiOX_grCM
Charlie Rich	Behind Closed Doors	1973/06/30	15	19	20	20	1218	https://www.youtube.com/watch?v=TlcO29s_3Bo
Charlie Rich	Lonely Weekends	1960/07/11, 1960/06/27	22, 22	21, 21	66, 34	65, 34	1113, 1123	https://www.youtube.com/watch?v=L9M76pr0veY
Cheap Trick	Dream Police	1979/11/10, 1979/11/17	26, 26	10, 10	28, 27	29, 27	317, 323	https://www.youtube.com/watch?v=OPemyipJzAM
Cheap Trick	I Want You To Want Me	1979/07/28	7	19	7	7	188	https://www.youtube.com/watch?v=BJs_L7yq5qE
Cheap Trick	Stop This Game	1980/12/06	48	12	48	48	539	https://www.youtube.com/watch?v=OyCfp_Zz5Ek
Cheap Trick	Surrender	1978/08/12, 1978/09/09	62, 62	8, 8	70, 90	69, 92	555, 1022	https://www.youtube.com/watch?v=2fIt9Alo39Q
Cher	If I Could Turn Back Time	1989/11/11	3	23	45	47	843	https://www.youtube.com/watch?v=GgD9FyE60hs
Cher	Just Like Jesse James	1989/12/30	8	18	7	8	821	https://www.youtube.com/watch?v=obVMS4Q7N2k
Chicago	25 Or 6 To 4	1970/08/08, 1970/08/29, 1970/09/05	4, 4, 4	20, 20, 20	26, 10,  5	27, 10,  6	176, 292, 1227	https://www.youtube.com/watch?v=7uAUoz7jimg
Chicago	Alive Again	1978/11/18	14	13	17	17	1240	https://www.youtube.com/watch?v=gtt5JPstK0w
Chicago	Along Comes A Woman	1985/03/16, 1985/05/11, 1985/04/20	14, 14, 14	16, 16, 16	36, 34, 16	36, 34, 14	198, 574, 776	https://www.youtube.com/watch?v=bbsrn-xOSto
Chicago	Another Rainy Day In New York City	1976/08/21	32	9	65	67	208	https://www.youtube.com/watch?v=PZPO8MMW0_A
Chicago	Does Anybody Really Know What Time It Is?	1970/11/07	7	13	74	72	700	https://www.youtube.com/watch?v=jgF_ycCmF18
Chicago	Feelin' Stronger Every Day	1973/08/25, 1973/08/11	10, 10	16, 16	 9, 11	11, 11	366, 684	https://www.youtube.com/watch?v=LXNjzYsfErA
Chicago	Make Me Smile	1970/06/06	9	14	9	9	1085	https://www.youtube.com/watch?v=n2jin0eOhCU
Chicago	Old Days	1975/05/03	5	11	43	43	445	https://www.youtube.com/watch?v=PS6RMmCCbP4
Chico DeBarge	Talk To Me	1987/02/07	21	20	23	23	590	https://www.youtube.com/watch?v=rcFBo8vIGRc
Chris Kenner	Land Of 1000 Dances	1963/08/17	77	7	99	98	1111	https://www.youtube.com/watch?v=NH9cc13G9RI
Chubby Checker	The Twist	1962/03/17, 1962/03/24	1, 1	38, 38	25, 31	24, 32	948, 1103	https://www.youtube.com/watch?v=eUbPt9D_WLA
Chuck Berry	Almost Grown	1959/06/01	32	12	38	40	792	https://www.youtube.com/watch?v=mc7oGWgeA8s
Chuck Berry	Reelin' & Rockin'	1972/12/09	27	13	79	77	1110	https://www.youtube.com/watch?v=eTnoSsaeOn0
Chuck Berry	Sweet Little Rock And Roll	1958/12/29	47	9	52	52	115	https://www.youtube.com/watch?v=aPGtDqNbXB4
Clarence Carter	Patches	1970/10/17	4	14	25	24	276	https://www.youtube.com/watch?v=IvfsfS6NVUc
Clarence Carter	Too Weak To Fight	1968/12/07, 1969/02/01	13, 13	15, 15	30, 33	28, 33	585, 765	https://www.youtube.com/watch?v=WVDSKaua0_U
Cliff Richard	Carrie	1980/03/08, 1980/03/15	34, 34	11, 11	66, 58	66, 59	51, 1222	https://www.youtube.com/watch?v=qWQ_vJYt7DA
Cliff Richard	Daddy's Home	1982/03/27	23	13	34	34	1161	https://www.youtube.com/watch?v=IJJuYpx0w2Q
Cliff Richard	Devil Woman	1976/08/07	6	22	42	42	1073	https://www.youtube.com/watch?v=ohWdKwzbDfk
Cliff Richard	Living Doll	1959/10/12	30	13	48	46	740	https://www.youtube.com/watch?v=FywWztbig9k
Cliff Richard	We Don't Talk Anymore	1979/11/10	7	20	48	47	1273	https://www.youtube.com/watch?v=m8FCZ5x8Gpg
Color Me Badd	I Adore Mi Amor	1991/08/24	1	20	19	18	476	https://www.youtube.com/watch?v=92NdfSeOLA0
Commodores	Easy	1977/09/17, 1977/10/22	4, 4	22, 22	17, 95	17, 95	341, 1157	https://www.youtube.com/watch?v=7XcTyEKSnYg
Commodores	Lady (You Bring Me Up)	1981/07/11	8	22	36	35	716	https://www.youtube.com/watch?v=phNLASyPsUU
Commodores	Nightshift	1985/05/18	3	22	22	24	992	https://www.youtube.com/watch?v=sG37S8C9lyw
Commodores	Still	1980/01/19	1	20	22	22	507	https://www.youtube.com/watch?v=SVkfLu3dZfI
Commodores	Three Times A Lady	1978/09/02	1	20	1	2	1201	https://www.youtube.com/watch?v=7_ejOhpzEhk
Corey Hart	In Your Soul	1988/07/02, 1988/08/13	38, 38	10, 10	56, 89	56, 90	469, 657	https://www.youtube.com/watch?v=VMdm72iE2Fw
Cornelius Brothers & Sister Rose	Treat Her Like A Lady	1971/05/08, 1971/06/12	3, 3	18, 18	44,  8	45,  8	932, 1280	https://www.youtube.com/watch?v=IEYrNg3MpZg
Count Basie	Going To Chicago Blues	1958/08/18	100	1	99	100	1149	https://www.youtube.com/watch?v=IE7-vOO69OM
Cream	Sunshine Of Your Love	1968/03/30	5	26	60	60	114	https://www.youtube.com/watch?v=oPYot0Wk7UY
Creedence Clearwater Revival	Bad Moon Rising	1969/05/03	2	14	82	80	852	https://www.youtube.com/watch?v=w6iRNVwslM4
Creedence Clearwater Revival	I Put A Spell On You	1968/11/16	58	9	95	96	61	https://www.youtube.com/watch?v=xeXqtzusIU0
Crosby, Stills & Nash	Got It Made	1989/03/11	69	8	83	81	451	https://www.youtube.com/watch?v=0NFDiWgKJew
Crosby, Stills & Nash	Judy Blue Eyes	1969/10/18	21	12	64	64	518	https://www.youtube.com/watch?v=Bw9gLjEGJrw
Crosby, Stills & Nash	Southern Cross	1982/10/09	18	17	36	36	589	https://www.youtube.com/watch?v=RF5KQgaCOPQ
Crosby, Stills & Nash	Teach Your Children	1970/08/15	16	11	35	33	905	https://www.youtube.com/watch?v=zj8FlXGPcOQ
Culture Club	I'll Tumble 4 Ya	1983/07/23	9	16	28	29	1223	https://www.youtube.com/watch?v=kwb9-OlQimc
Culture Club	Karma Chameleon	1984/04/28	1	22	99	97	979	https://www.youtube.com/watch?v=JmcA9LIIXWw
Cyndi Lauper	All Through The Night	1984/11/03, 1984/11/10, 1984/12/15	5, 5, 5	19, 19, 19	21, 14, 11	20, 12, 10	309, 769, 1084	https://www.youtube.com/watch?v=ZONKoKIQ9RY
Cyndi Lauper	I Drove All Night	1989/07/29	6	15	46	44	1011	https://www.youtube.com/watch?v=2y1TZXc5DiY
Cyndi Lauper	She Bop	1984/07/28, 1984/10/06	3, 3	18, 18	37,  5	39,  5	16, 1274	https://www.youtube.com/watch?v=KFq4E9XTueY
Cyndi Lauper	The Goonies R Good Enough	1985/06/22	10	15	17	19	401	https://www.youtube.com/watch?v=x7fMLJegjqU
Cyndi Lauper	True Colors	1986/09/13	1	20	38	40	803	https://www.youtube.com/watch?v=LPn0KFlbqX8
Daryl Hall & John Oates	Kiss On My List	1981/01/31	1	23	56	55	18	https://www.youtube.com/watch?v=lsHld-iArOc
Daryl Hall & John Oates	Maneater	1983/03/05	1	23	72	71	633	https://www.youtube.com/watch?v=yRYFKcMa_Ek
Daryl Hall & John Oates	Rich Girl	1977/05/07	1	20	31	30	485	https://www.youtube.com/watch?v=VJ2itQvyBY8
Daryl Hall & John Oates	Sara Smile	1976/04/17	4	28	31	29	708	https://www.youtube.com/watch?v=dYEpFJhuu1E
Dave Dudley	Six Days On The Road	1963/06/15	32	11	76	75	570	https://www.youtube.com/watch?v=iMfWLq3VLVs
David Bowie	Blue Jean	1984/11/10	8	18	8	8	818	https://www.youtube.com/watch?v=NZnryZ5rDbs
David Bowie	Golden Years	1976/01/24	10	21	34	33	415	https://www.youtube.com/watch?v=NOeqmgn86hE
David Bowie	Modern Love	1983/12/10	14	13	92	94	970	https://www.youtube.com/watch?v=rJCBYUKMvMQ
David Bowie	Space Oddity	1973/04/21	15	14	22	21	86	https://www.youtube.com/watch?v=pXSGocWifAg
David Crosby & Graham Nash	Carry Me	1975/12/06	52	6	52	52	1124	https://www.youtube.com/watch?v=OcdSDMNx5Y8
David Ruffin & Jimmy Ruffin	Stand By Me	1970/11/28	61	7	61	61	119	https://www.youtube.com/watch?v=gU83uQOGaLk
Dean Martin	Everybody Loves Somebody	1964/07/04	1	15	47	46	618	https://www.youtube.com/watch?v=ZRSlmDceWMI
Dean Martin	I Will	1965/11/13	10	10	38	39	734	https://www.youtube.com/watch?v=c4uLOXALmhw
Debarge	Time Will Reveal	1984/02/11	18	18	45	44	1013	https://www.youtube.com/watch?v=_988-cpiG94
De La Soul	Me Myself And I	1989/09/09	34	17	99	99	887	https://www.youtube.com/watch?v=D-Y83Z9nNUY
Depeche Mode	World In My Eyes	1990/12/22, 1990/11/24	52, 52	10, 10	54, 70	52, 71	442, 757	https://www.youtube.com/watch?v=nhZdL4JlnxI
Diana Ross	Upside Down	1980/12/20	1	29	68	68	1285	https://www.youtube.com/watch?v=GIAtE6ywgwA
Digital Underground	The Humpty Dance	1990/04/28, 1990/04/28, 1990/08/11	11, 11, 11	23, 23, 23	24, 25, 86	26, 26, 85	304, 378, 521	https://www.youtube.com/watch?v=PBsjggc5jHM
Dinah Washington	Unforgettable	1959/11/02	17	13	30	29	192	https://www.youtube.com/watch?v=y1pfGcS_f9s
Dinah Washington	Where Are You	1962/06/23, 1962/06/16	36, 36	10, 10	34, 46	36, 46	722, 1099	https://www.youtube.com/watch?v=yOlSahOpeLQ
Dion	Abraham, Martin And John	1968/11/16	4	14	10	9	1146	https://www.youtube.com/watch?v=DXl3XG5aGtM
Dion	(I was) Born To Cry	1962/04/28	42	7	70	71	1101	https://www.youtube.com/watch?v=cXBB75yGUzA
Dion	Love Came To Me	1962/12/22, 1963/01/19	10, 10	11, 11	10, 36	10, 37	253, 1152	https://www.youtube.com/watch?v=-1Ttj5F3kzo
Dion	Lovers Who Wander	1962/04/21	3	12	86	86	1210	https://www.youtube.com/watch?v=5cJ5hPSK6Es
Dion	Ruby Baby	1963/02/09	2	13	6	7	439	https://www.youtube.com/watch?v=3u1doOc3njI
Dion	Runaround Sue	1961/12/18	1	14	22	20	145	https://www.youtube.com/watch?v=ik57HLn0Nm0
Dion	This Little Girl	1963/06/08	21	8	40	39	1063	https://www.youtube.com/watch?v=sJRg3EDlrTc
Dion	Where Or When	1960/03/07, 1960/03/14	3, 3	16, 16	15, 18	15, 17	434, 816	https://www.youtube.com/watch?v=JYIz_FH5Ym8
Dolly Parton	Baby I'm Burnin'	1979/01/27, 1978/12/09	25, 25	14, 14	31, 87	31, 88	559, 987	https://www.youtube.com/watch?v=SH-n972_DTE
Dolly Parton	Starting Over Again	1980/05/17	36	10	37	36	944	https://www.youtube.com/watch?v=W8qrOHrC2vA
Don Gibson	Sea Of Heartbreak	1961/06/19	21	14	96	95	169	https://www.youtube.com/watch?v=A4bo4ByFhLM
Donna Fargo	Superman	1973/02/24, 1973/02/24	41, 41	9, 9	73, 71	73, 73	358, 874	https://www.youtube.com/watch?v=vsi5tT3yJM0
Donna Summer	Last Dance	1978/07/01, 1978/09/23, 1978/05/20	3, 3, 3	21, 21, 21	17, 99, 77	17, 98, 75	501, 1217, 1242	https://www.youtube.com/watch?v=G5rJunb4sIk
Donovan	Sunshine Superman	1966/08/13	1	13	19	20	383	https://www.youtube.com/watch?v=hTuPbJLqFKI
Dottie West	A Lesson In Leavin'	1980/03/08	73	5	85	85	101	https://www.youtube.com/watch?v=zy6g3Kccbmk
Double Exposure	Ten Percent	1976/06/19	54	9	87	88	1164	https://www.youtube.com/watch?v=tGrKcqcHHcE
Dr. Hook	If Not You	1977/01/15	55	11	96	97	914	https://www.youtube.com/watch?v=qJgXHg-hnOc
Dr. Hook	Only Sixteen	1976/01/24	6	22	54	53	1190	https://www.youtube.com/watch?v=olQNes_mq8I
Dr. Hook	Sexy Eyes	1980/03/08	5	21	48	48	831	https://www.youtube.com/watch?v=_NPSfkDqHIA
Dr. Hook	The Millionaire	1975/09/06	95	5	93	95	1009	https://www.youtube.com/watch?v=skb3-2Twz-U
Dr. Hook	Walk Right In	1977/07/09	46	10	62	63	761	https://www.youtube.com/watch?v=bDciFvBG8a4
Dr. Hook	Years From Now	1980/08/16	51	9	79	79	656	https://www.youtube.com/watch?v=EfsPeVVL8zE
Dr. John	Right Place Wrong Time	1973/06/16	9	20	13	11	483	https://www.youtube.com/watch?v=HT4RainY-lY
Duran Duran	All She Wants Is	1989/03/04, 1989/02/18	22, 22	13, 13	42, 21	43, 22	592, 1226	https://www.youtube.com/watch?v=e-dxAxfkmvk
Duran Duran	I Don't Want Your Love	1989/01/28	4	16	84	85	1148	https://www.youtube.com/watch?v=9Ma9hDU0cCw
Duran Duran	Is There Something I Should Know	1983/09/10	4	17	46	45	1043	https://www.youtube.com/watch?v=3M0hogZyRyU
Earth, Wind & Fire	After The Love Has Gone	1979/09/08, 1979/07/28	2, 2	17, 17	 3, 32	 3, 31	1056, 1097	https://www.youtube.com/watch?v=yG4ktUqqPHE
Earth, Wind & Fire	Getaway	1976/09/25	12	19	16	15	735	https://www.youtube.com/watch?v=xN_3nib4r3Y
Earth, Wind & Fire	September	1979/01/06	8	17	16	15	804	https://www.youtube.com/watch?v=Gs069dndIYk
Eddie Holland	Jamie	1962/02/03	30	11	92	94	1046	https://www.youtube.com/watch?v=lDdVRdL8kfc
Eddie Rabbitt	I Love A Rainy Night	1981/03/21	1	28	9	9	1143	https://www.youtube.com/watch?v=mMZ4amjbqhU
Edgar Winter	Frankenstein	1973/03/17	1	20	96	97	1268	https://www.youtube.com/watch?v=P8f-Qb-bwlU
Edwin Starr	War	1970/07/25	1	15	24	25	893	https://www.youtube.com/watch?v=XYn_Y1SrVrs
Elton John	Goodbye Yellow Brick Road	1973/11/03	2	17	38	40	842	https://www.youtube.com/watch?v=RZ3Bb4UsXhU
Elton John	Levon	1971/12/25	24	10	58	57	752	https://www.youtube.com/watch?v=mire1WJKdR8
Elton John	Philadelphia Freedom	1975/04/05	1	21	2	2	354	https://www.youtube.com/watch?v=q1oNWdrlWGo
Elton John	The Bitch Is Back	1974/12/07	4	14	79	78	991	https://www.youtube.com/watch?v=IGo6x_uzG8Y
Elton John	Who Wears These Shoes?	1984/11/17	16	14	36	35	1269	https://www.youtube.com/watch?v=n0fQntP8990
Elvis Presley	Ask Me	1964/11/14, 1964/12/05	12, 12	12, 12	23, 11	22, 12	658, 766	https://www.youtube.com/watch?v=NAo0JBjsh9I
Elvis Presley	For Ol' Times Sake	1973/11/10, 1973/09/29, 1973/09/22	41, 41, 41	9, 9, 9	49, 58, 81	49, 58, 81	222, 508, 1235	https://www.youtube.com/watch?v=0FT3SmZ_zx0
Elvis Presley	Guitar Man	1968/01/27	28	20	84	83	289	https://www.youtube.com/watch?v=4FkyeO_PRlw
Elvis Presley	If I Can Dream	1968/12/28	12	13	31	30	543	https://www.youtube.com/watch?v=pUy9FBkgf1U
Elvis Presley	I Really Don't Want To Know	1970/12/26, 1971/01/09	21, 21	9, 9	57, 31	56, 29	0386, 0444	https://www.youtube.com/watch?v=u-pP_dCenJA
Elvis Presley	Judy	1967/09/09, 1967/09/16	78, 78	5, 5	87, 89	89, 88	565, 923	https://www.youtube.com/watch?v=vz_i6YAB9L0
Elvis Presley	Little Sister	1961/10/30	5	13	35	34	159	https://www.youtube.com/watch?v=BrrMrI_WASc
Elvis Presley	(Marie's the Name) His Latest Flame	1961/09/04, 1961/09/04	4, 4	11, 11	31, 30	32, 32	617, 730	https://www.youtube.com/watch?v=P87q_yGhwVE
Elvis Presley	My Boy	1975/03/29	20	11	58	57	326	https://www.youtube.com/watch?v=TW8kfuld3W0
Elvis Presley	My Way	1978/01/21	22	12	64	65	793	https://www.youtube.com/watch?v=zR_NwNR9vTc
Elvis Presley	My Wish Came True	1959/09/21	12	11	50	49	1055	https://www.youtube.com/watch?v=OLTfMeQRf3Q
Elvis Presley	One Night	1959/01/19	4	17	14	13	399	https://www.youtube.com/watch?v=dsAs4hd5btQ
Elvis Presley	She Thinks I Still Care	1977/02/05	31	13	39	39	875	https://www.youtube.com/watch?v=4BY9OyGUoQs
Elvis Presley	There Goes My Everything	1971/01/16	21	9	27	25	993	https://www.youtube.com/watch?v=NyhAVzrd5yQ
Emerson, Lake & Palmer	Lucky Man	1971/03/27	48	19	66	68	1180	https://www.youtube.com/watch?v=89g1P_J40JA
Engelbert Humperdinck	After The Lovin'	1977/02/19, 1977/02/05	8, 8	19, 19	33, 25	33, 24	506, 636	https://www.youtube.com/watch?v=ahLZ7hFlUMg
Eric Carmen	Hungry Eyes (from the film Dirty Dancing)	1988/03/05	4	24	12	11	791	https://www.youtube.com/watch?v=2ssCL292DQA
Eric Carmen	Sunrise	1976/08/28	34	10	67	66	655	https://www.youtube.com/watch?v=Gg-0Gc_ZImI
Eric Clapton	Forever Man	1985/04/20	26	12	28	27	155	https://www.youtube.com/watch?v=QPUMMwPU9WY
Eric Clapton	I Can't Stand It	1981/04/25	10	17	11	11	898	https://www.youtube.com/watch?v=OnEiObzAuEI
Eric Clapton	Lay Down Sally	1978/05/20	3	23	24	24	1040	https://www.youtube.com/watch?v=UBT9cww54v4
Eric Clapton	Let It Rain	1972/12/02	48	13	48	48	116	https://www.youtube.com/watch?v=y86kDFaJ2h4
Eric Clapton	Promises	1978/12/23, 1978/12/23	9, 9	18, 18	14, 13	13, 13	124, 916	https://www.youtube.com/watch?v=shbWhP_pu2M
Eric Clapton	Willie And The Hand Jive	1974/12/21	26	9	38	36	194	https://www.youtube.com/watch?v=HjdKe0yE5_I
Etta James	Fool That I Am	1961/07/03, 1961/07/10	50, 50	6, 6	51, 56	50, 54	515, 562	https://www.youtube.com/watch?v=4qSXS0uX0fw
Etta James	Stop The Wedding	1962/08/25	34	8	44	44	127	https://www.youtube.com/watch?v=tGATcHwT5xw
Etta James	Would It Make Any Difference To You	1963/01/12	64	7	81	79	726	https://www.youtube.com/watch?v=9y2B7KnZPUA
Evelyn Champagne King	I'm In Love	1981/08/15	40	14	62	61	482	https://www.youtube.com/watch?v=WztUcDbjX3M
Fats Domino	Be My Guest	1959/11/16	8	14	17	17	1072	https://www.youtube.com/watch?v=VIIyUZVJdE4
Fats Domino	I Want To Walk You Home	1959/10/19	8	13	33	33	773	https://www.youtube.com/watch?v=NgtcFUM1aYk
Firehouse	Don't Treat Me Bad	1991/08/03, 1991/03/09	19, 19	23, 23	90, 85	88, 86	258, 349	https://www.youtube.com/watch?v=M1HsmW3Z8b8
Five Man Electrical Band	Absolutely Right	1971/11/06	26	8	28	27	41	https://www.youtube.com/watch?v=qT0YyTuZT0g
Flatt & Scruggs	Foggy Mountain Breakdown	1968/04/13, 1968/03/30	55, 55	12, 12	67, 76	65, 74	37, 759	https://www.youtube.com/watch?v=z_Y3mnj-8lA
Floyd Cramer	Last Date	1960/12/31	2	20	2	3	788	https://www.youtube.com/watch?v=JvfG9uFswis
Focus	Hocus Pocus	1973/03/31, 1973/04/21	9, 9	19, 19	63, 38	63, 39	381, 999	https://www.youtube.com/watch?v=g4ouPGGLI6Q
Foghat	Drivin' Wheel	1977/01/29, 1976/12/04	34, 34	10, 10	56, 65	54, 65	75, 95	https://www.youtube.com/watch?v=2nwOBaH--kA
Fontella Bass	Rescue Me	1965/10/30	4	13	15	14	777	https://www.youtube.com/watch?v=x7BeGDZewHs
Four Tops	Standing In The Shadows Of Love	1967/02/18, 1967/02/11	6, 6	10, 10	24, 17	26, 18	1192, 1283	https://www.youtube.com/watch?v=xhtzMwA5gJI
Freddie Jackson	Have You Ever Loved Somebody	1987/02/21	69	9	75	74	122	https://www.youtube.com/watch?v=4WzhdjWCYa4
Freddy Fender	Living It Down	1976/11/06	72	4	76	75	346	https://www.youtube.com/watch?v=oMsk9Gv2lO0
Freddy Fender	Secret Love	1975/11/22	20	11	28	28	872	https://www.youtube.com/watch?v=crv2O375Uq0
Gary U.S. Bonds	Quarter To Three	1961/05/29	1	15	65	65	571	https://www.youtube.com/watch?v=hoopfp5iaKw
Gene Pitney	Town Without Pity	1961/12/04	13	16	44	44	1037	https://www.youtube.com/watch?v=CyzAcTUHtvg
General Public	Tenderness	1984/11/17	27	18	89	89	389	https://www.youtube.com/watch?v=_ll0DIEvrIo
Genesis	Abacab	1982/02/20	26	14	26	26	1256	https://www.youtube.com/watch?v=suCNZe3Gwkw
Genesis	Invisible Touch	1986/07/26	1	17	3	3	1126	https://www.youtube.com/watch?v=jpmiZ7zsHXY
Genesis	Misunderstanding	1980/07/26	14	18	22	22	393	https://www.youtube.com/watch?v=C_L-S-0Gc4I
Genesis	Tonight, Tonight, Tonight	1987/05/23	3	15	95	95	236	https://www.youtube.com/watch?v=TbQqe0PpqNY
George Benson	Breezin'	1976/11/06	63	6	65	67	967	https://www.youtube.com/watch?v=zgxL-khJ--Q
George Harrison	All Those Years Ago	1981/05/30, 1981/08/15	2, 2	16, 16	16, 51	16, 51	517, 680	https://www.youtube.com/watch?v=4UI0mWnh_zk
George Harrison	Blow Away	1979/04/07	16	14	26	26	419	https://www.youtube.com/watch?v=nNetfJQ9HAs
George Harrison	Crackerbox Palace	1977/02/05	19	11	49	49	1282	https://www.youtube.com/watch?v=8Ac34Khe-fc
George Harrison	Got My Mind Set On You	1988/01/23	1	22	3	4	845	https://www.youtube.com/watch?v=_71w4UA2Oxo
George Harrison	This Song	1977/01/15	25	11	23	25	361	https://www.youtube.com/watch?v=lBi6Mfb0pDA
Gino Vannelli	Black Cars	1985/08/17	42	16	98	99	68	https://www.youtube.com/watch?v=5PvuNAoG0XY
Gino Vannelli	Hurts To Be In Love	1985/09/28, 1985/11/30	57, 57	12, 12	90, 75	89, 76	62, 1067	https://www.youtube.com/watch?v=mr64s9g9FSw
Gino Vannelli	Wild Horses	1987/05/16	55	15	71	72	407	https://www.youtube.com/watch?v=zD77kyQYifc
Gladys Knight & The Pips	Baby Don't Change Your Mind	1977/08/20, 1977/08/06, 1977/07/16	52, 52, 52	11, 11, 11	69, 67, 83	67, 67, 85	705, 888, 1250	https://www.youtube.com/watch?v=6IjDftWaXpA
Gladys Knight & The Pips	Best Thing That Ever Happened To Me	1974/06/08	3	17	41	42	380	https://www.youtube.com/watch?v=8FT5QF4JZUA
Gladys Knight & The Pips	If I Were Your Woman	1971/02/13	9	15	9	9	343	https://www.youtube.com/watch?v=xNdoWrDG0X0
Gladys Knight & The Pips	Letter Full Of Tears	1962/01/27, 1962/02/10	19, 19	11, 11	27, 19	27, 19	112, 596	https://www.youtube.com/watch?v=Ci9oq2DNrA0
Glen Campbell	Galveston	1969/03/15	4	12	18	18	224	https://www.youtube.com/watch?v=iDRXADEJuKo
Glen Campbell	It's Only Make Believe	1970/09/05	10	12	83	82	623	https://www.youtube.com/watch?v=1s0ZWIOfAkY
Glen Campbell	Rhinestone Cowboy	1975/10/11	1	23	14	15	246	https://www.youtube.com/watch?v=8kAU3B9Pi_U
Glen Campbell	Sunflower	1977/07/23	39	11	63	62	347	https://www.youtube.com/watch?v=QVmhmmeLvCY
Glen Campbell	Wichita Lineman	1969/01/11	3	15	3	3	1114	https://www.youtube.com/watch?v=kIYvHdEwEOw
Gloria Gaynor	Never Can Say Goodbye	1975/02/08, 1974/12/07	9, 9	17, 17	20, 35	20, 34	190, 1068	https://www.youtube.com/watch?v=ofcgjeELS0M
Golden Earring	Twilight Zone	1983/02/19	10	27	19	20	170	https://www.youtube.com/watch?v=usEd3AbNyzA
Gordon Lightfoot	Beautiful	1972/07/01	58	11	69	68	180	https://www.youtube.com/watch?v=RKnfVfTycHQ
Graham Nash	Chicago	1971/07/17	35	11	38	36	25	https://www.youtube.com/watch?v=WxsQrZsqX0c
Grand Funk Railroad	Walk Like A Man	1973/12/08	19	12	62	64	762	https://www.youtube.com/watch?v=Fygi4damwxI
Grateful Dead	Sugar Magnolia	1973/02/10	91	2	93	91	1034	https://www.youtube.com/watch?v=AWuQiGaIsso
Hank Snow	I've Been Everywhere	1962/10/20	68	8	86	86	1059	https://www.youtube.com/watch?v=_w_Fm7g5Qb8
Harry Chapin	Sunday Morning Sunshine	1972/11/25	75	6	78	80	412	https://www.youtube.com/watch?v=sZr1iq-D-YU
Heart	Crazy On You	1978/02/11, 1976/06/12	35, 35	19, 19	99, 49	100,  49	33, 73	https://www.youtube.com/watch?v=whXeb7Ohfkk
Heart	Magic Man	1976/10/30, 1976/08/07	9, 9	23, 23	12, 71	10, 73	215, 800	https://www.youtube.com/watch?v=Ps7tVvQHLyo
Heart	There's The Girl	1988/01/30, 1988/01/02	12, 12	17, 17	20, 16	19, 18	281, 660	https://www.youtube.com/watch?v=h1vO6QoACPk
Heart	Who Will You Run To	1987/12/12	7	22	89	90	1089	https://www.youtube.com/watch?v=fM44F-M78Vs
Hi-Five	I Like The Way (The Kissing Game)	1991/07/20	1	23	67	67	856	https://www.youtube.com/watch?v=2nwANHoAjP8
Huey Lewis	I Want A New Drug	1984/05/12	6	19	77	77	430	https://www.youtube.com/watch?v=N6uEMOeDZsA
Ike & Tina Turner	It's Gonna Work Out Fine	1961/08/28	14	15	41	42	212	https://www.youtube.com/watch?v=Wcyl_-5Yv2U
Ike & Tina Turner	I Want To Take You Higher	1970/08/29, 1970/08/15, 1970/08/22	34, 34, 34	18, 18, 18	35, 38, 35	34, 37, 35	204, 360, 996	https://www.youtube.com/watch?v=vvulFEYM8Bc
INXS	Need You Tonight	1988/01/23	1	24	2	2	687	https://www.youtube.com/watch?v=824vZjLczh0
Irma Thomas	Wish Someone Would Care	1964/04/25	17	12	34	32	598	https://www.youtube.com/watch?v=Tr41runl8oI
Iron Butterfly	In-A-Gadda-Da-Vida	1968/11/02	30	17	31	30	261	https://www.youtube.com/watch?v=UIVe-rZBcm4
Isaac Hayes	Do Your Thing	1972/04/08	30	11	29	30	216	https://www.youtube.com/watch?v=gXTGA04SYWA
Isaac Hayes	The Look Of Love	1971/03/06	79	5	84	82	978	https://www.youtube.com/watch?v=0IzxHKI8PJE
Jackie Wilson	Baby Workout	1963/05/25	5	12	60	59	672	https://www.youtube.com/watch?v=CDOIYat8M2g
Jackson Browne	Boulevard	1980/08/16, 1980/07/26	19, 19	16, 16	22, 33	24, 33	561, 695	https://www.youtube.com/watch?v=AJTcXS2OEuE
Jackson Browne	Here Come Those Tears Again	1977/04/02	23	9	54	54	395	https://www.youtube.com/watch?v=bxZVF5iQoyQ
Jackson Browne	Redneck Friend	1973/10/20	85	10	85	85	545	https://www.youtube.com/watch?v=EuMN6Ztk35w
Jackson Browne	Running On Empty	1978/03/18	11	17	27	25	1155	https://www.youtube.com/watch?v=5lbHbYXqH6I
James Brown	Baby, You're Right	1961/08/28	49	4	65	65	533	https://www.youtube.com/watch?v=DoT2cTRo9lY
James Brown	Cold Sweat - Part 1	1967/07/29	7	12	56	58	79	https://www.youtube.com/watch?v=zOl4icFiI14
James Brown	Down And Out In New York City	1973/04/07	50	7	50	52	1032	https://www.youtube.com/watch?v=t2rvydjOGK4
James Brown	Get Up (I Feel Like Being Like A) Sex Machine (Part 1)	1970/09/12	15	9	34	32	857	https://www.youtube.com/watch?v=lZlBVRQxTzI
James Brown	I Don't Mind	1961/07/03	47	8	56	57	3	https://www.youtube.com/watch?v=yQ2I79tCV-4
James Brown	I Got You (I Feel Good)	1965/11/27	3	12	8	9	314	https://www.youtube.com/watch?v=gcztj0FQNCw
James Brown	My Thang	1974/07/06	29	13	51	51	490	https://www.youtube.com/watch?v=1vonFpHGxUg
James Brown	Think	1973/06/09	33	16	79	77	640	https://www.youtube.com/watch?v=CNzlawr5X9k
James Taylor	Country Road	1971/02/13	37	8	68	67	901	https://www.youtube.com/watch?v=j37FIbPMZTo
Jan & Dean	Sidewalk Surfin'	1964/12/12	25	8	25	25	1272	https://www.youtube.com/watch?v=x_Qr6Ky1Lbg
Jan & Dean	The Anaheim, Azusa & Cucamonga Sewing Circle, Book Review And Timing Association	1964/10/10	77	3	82	82	689	https://www.youtube.com/watch?v=1gfpbAKhMBI
Jan & Dean	The Little Old Lady (From Pasadena)	1964/07/04	3	11	21	22	635	https://www.youtube.com/watch?v=1gfpbAKhMBI
Janis Joplin	Kozmic Blues	1969/12/27	41	9	47	48	397	https://www.youtube.com/watch?v=HTC1kdpl6EE
Jeff Beck	People Get Ready	1985/08/17	48	10	83	85	698	https://www.youtube.com/watch?v=yC_j_dzkaVE
Jefferson Starship	Count On Me	1978/04/15	8	14	18	16	1045	https://www.youtube.com/watch?v=AOMuK7YYxeg
Jermaine Jackson	Let's Get Serious	1980/08/30	9	23	97	98	811	https://www.youtube.com/watch?v=uJjRWyqL7nA
Jerry Jeff Walker	Mr. Bojangles	1968/08/24	77	5	78	79	294	https://www.youtube.com/watch?v=dpO0BJIdxko
Jerry Reed	Ko-Ko Joe	1971/09/18	51	6	56	58	713	https://www.youtube.com/watch?v=IRegggNjdTM
Jesus Jones	Right Here, Right Now	1991/08/24, 1991/09/14	2, 2	25, 25	26, 61	26, 62	1169, 1260	https://www.youtube.com/watch?v=2rlQqWbp7rY
Jethro Tull	Living In The Past	1972/12/16	11	14	19	20	706	https://www.youtube.com/watch?v=2YymGJKhGgY
J. Frank Wilson & The Cavaliers	Last Kiss	1964/09/05, 1974/01/05, 1964/10/17	2, 2, 2	20, 20, 20	71, 94,  4	73, 93,  5	54, 247, 402	https://www.youtube.com/watch?v=bh4se9YMV3A
Jimi Hendrix	Freedom	1971/05/01	59	8	67	65	35	https://www.youtube.com/watch?v=wDvlErh5zcc
Jimmy Buffett	Come Monday	1974/08/10	30	14	45	45	758	https://www.youtube.com/watch?v=lE3ZXFf6Yd8
Jimmy Clanton	Just A Dream	1958/10/27, 1958/09/15	4, 4	18, 18	31,  6	29,  5	185, 805	https://www.youtube.com/watch?v=Q8zYkmvqHdQ
Jimmy Cliff	Wonderful World, Beautiful People	1969/12/06	25	11	80	81	203	https://www.youtube.com/watch?v=83bxATcwtwI
Jimmy Jones	Handy Man	1960/02/08	2	18	6	5	250	https://www.youtube.com/watch?v=uVyBRdBVCiU
Jimmy Reed	Baby What You Want Me To Do	1960/05/16, 1960/04/04	37, 37	14, 14	93, 79	93, 80	1024, 1263	https://www.youtube.com/watch?v=sxP0H42etMA
Jimmy Ruffin	I've Passed This Way Before	1967/01/07	17	11	23	23	1044	https://www.youtube.com/watch?v=7QJkpTXaDWo
Jimmy Smith	Walk On The Wild Side (Part 1)	1962/06/09	21	11	31	32	455	https://www.youtube.com/watch?v=qAD68cfYYRs
Joan Baez	There But For Fortune	1965/10/23	50	7	72	71	1087	https://www.youtube.com/watch?v=WBTz8Xj2iYU
Joe Cocker	With A Little Help From My Friends	1968/11/23	68	6	84	85	675	https://www.youtube.com/watch?v=a3LQ-FReO7Q
John Denver	Annie's Song	1974/09/21	1	17	67	68	182	https://www.youtube.com/watch?v=1tqfUjLQAAg
John Denver	Back Home Again	1974/12/28, 1974/12/14	5, 5	16, 16	65, 44	65, 42	235, 446	https://www.youtube.com/watch?v=wPndmL6HfIs
John Denver	It Amazes Me	1978/03/18	59	7	66	68	245	https://www.youtube.com/watch?v=4ilSPxQHyC4
John Denver	Rocky Mountain High	1972/12/23	9	19	47	46	720	https://www.youtube.com/watch?v=kZTFxfc1bH4
John Denver	Seasons Of The Heart	1982/08/21	78	5	78	78	463	https://www.youtube.com/watch?v=9VokVt-r4p0
John Denver	Some Days Are Diamonds (Some Days Are Stone)	1981/09/19	36	20	37	36	711	https://www.youtube.com/watch?v=rYTTxyxDlTw
Johnny Cash	I Got Stripes	1959/08/24	43	11	54	55	1160	https://www.youtube.com/watch?v=lDabTO18lFI
Johnny Cash	The Ways Of A Woman In Love	1958/09/01	24	11	58	58	787	https://www.youtube.com/watch?v=A5pLFXWI8mc
Johnny Horton	Johnny Reb	1959/08/24	54	8	69	70	1287	https://www.youtube.com/watch?v=nAbZ3I6-1lY
Johnny Horton	The Battle Of New Orleans	1959/04/27, 1959/08/24	1, 1	20, 20	93, 26	93, 25	500, 873	https://www.youtube.com/watch?v=mjXM6x_0KZk
Johnny Lee	Lookin' For Love	1980/11/15	5	21	65	63	12	https://www.youtube.com/watch?v=1MnU6p3sGSw
Johnny Tillotson	I Rise, I Fall	1964/06/20	36	8	44	42	355	https://www.youtube.com/watch?v=2bPbAnTfWMo
Johnny Tillotson	It Keeps Right On A-Hurtin'	1962/06/09	3	12	6	6	1041	https://www.youtube.com/watch?v=MN5rXDWXxfA
Johnny Tillotson	Jimmy's Girl	1961/02/20	25	11	28	27	410	https://www.youtube.com/watch?v=Mrtzw9eMBGo
Johnny Tillotson	Out Of My Mind	1963/05/04	24	10	45	45	638	https://www.youtube.com/watch?v=pThMTWcrWP0
Johnny Tillotson	Talk Back Trembling Lips	1963/12/07	7	13	26	26	1141	https://www.youtube.com/watch?v=YA288uY6KVo
Johnny Tillotson	Worried Guy	1964/03/07	37	7	47	47	267	https://www.youtube.com/watch?v=AAHFCijbxVw
Joni Mitchell	Big Yellow Taxi	1975/02/22	24	16	42	41	668	https://www.youtube.com/watch?v=oCY9qFwin2M
Joni Mitchell	(You're So Square) Baby I Don't Care	1982/12/11	47	9	47	47	417	https://www.youtube.com/watch?v=94bdMSCdw20
Judas Priest	You've Got Another Thing Comin'	1982/11/27	67	7	68	67	861	https://www.youtube.com/watch?v=ZES3w7ajPzs
Juice Newton	Break It To Me Gently	1982/08/21	11	17	74	74	303	https://www.youtube.com/watch?v=YKIKEm1jul8
Juice Newton	Queen Of Hearts	1981/07/04	2	27	22	23	690	https://www.youtube.com/watch?v=NW5K0YVgyqk
Kaoma	Lambada	1990/04/28	46	12	78	77	1270	https://www.youtube.com/watch?v=iyLdoQGBchQ
Kate Bush	Running Up That Hill	1985/12/14	30	20	59	58	531	https://www.youtube.com/watch?v=wp43OdtAAkM
Kenny Rogers	I Don't Need You	1981/10/10	3	18	94	96	494	https://www.youtube.com/watch?v=CH9sC5NmarA
Kenny Rogers	Lady	1980/12/27	1	25	3	4	1258	https://www.youtube.com/watch?v=XhFyKeYkzIw
Kenny Rogers	Lucille	1977/04/16	5	19	43	42	731	https://www.youtube.com/watch?v=AaNedqu1A6s
Kenny Rogers	Scarlet Fever	1983/08/20	94	2	95	94	372	https://www.youtube.com/watch?v=8cjoZK6xpYY
Kenny Rogers	Sweet Music Man	1978/01/28	44	8	43	44	472	https://www.youtube.com/watch?v=-SJrOuAyL6M
Kenny Rogers	Through The Years	1981/12/26, 1982/01/23	13, 13	15, 15	84, 32	82, 30	338, 832	https://www.youtube.com/watch?v=Es-6ZjF_Uf0
Kenny Rogers	You Decorated My Life	1980/01/05	7	18	95	97	238	https://www.youtube.com/watch?v=uY-CKe4lvwY
Kiss	Rocket Ride	1978/04/08	39	10	44	44	610	https://www.youtube.com/watch?v=PkYnKzOx5dY
Kool & The Gang	Jungle Boogie	1974/01/19	4	22	22	22	331	https://www.youtube.com/watch?v=-BM5wPOe0xQ
Kris Kristofferson	Loving Her Was Easier (Than Anything I'll Ever Do Again)	1971/09/25	26	13	40	41	1135	https://www.youtube.com/watch?v=9sPVH7-bXsk
Laura Branigan	Gloria	1982/11/27	2	36	3	2	995	https://www.youtube.com/watch?v=nNEb2k_EmMg
LaVern Baker	I Cried A Tear	1959/02/09, 1959/02/02, 1959/02/02	6, 6, 6	21, 21, 21	14, 20, 21	12, 19, 19	822, 954, 1166	https://www.youtube.com/watch?v=AyXxgYP-u34
LaVern Baker	See See Rider	1963/02/02	34	11	47	48	425	https://www.youtube.com/watch?v=W-djy4eyMIk
Led Zeppelin	D'yer Mak'er	1973/11/24	20	16	39	40	749	https://www.youtube.com/watch?v=7U5TCX0R950
Led Zeppelin	Over The Hills And Far Away	1973/06/30, 1973/08/11	51, 51	8, 8	80, 64	81, 64	53, 1025	https://www.youtube.com/watch?v=0Az-TuYb4h0
Led Zeppelin	Trampled Under Foot	1975/05/10	38	7	44	44	525	https://www.youtube.com/watch?v=HGFITl5mFvs
Leo Sayer	You Make Me Feel Like Dancing	1977/01/22	1	21	3	3	986	https://www.youtube.com/watch?v=GwGeVhIoqlU
Lesley Gore	California Nights	1967/04/22, 1967/03/11	16, 16	14, 14	32, 25	33, 27	813, 896	https://www.youtube.com/watch?v=fp69yVqqidQ
Lesley Gore	You Don't Own Me	1964/03/07	2	13	14	13	1211	https://www.youtube.com/watch?v=JDUjeR01wnU
Level 42	Something About You	1986/03/22, 1986/07/05	7, 7	27, 27	52, 34	52, 34	158, 1237	https://www.youtube.com/watch?v=E-zP66eSLto
Linda Ronstadt	When Will I Be Loved	1975/07/26, 1975/07/19	2, 2	19, 19	72, 23	73, 23	324, 839	https://www.youtube.com/watch?v=MiUvPr3_6iE
Little Anthony & The Imperials	Out Of Sight, Out Of Mind	1969/09/06	52	9	54	53	927	https://www.youtube.com/watch?v=V17-Bn2J-Tg
Little Joey & The Flips	Bongo Stomp	1962/06/16	35	8	99	97	67	https://www.youtube.com/watch?v=tYk5n6BPOQM
Little River Band	Happy Anniversary	1978/02/25	16	18	19	20	1174	https://www.youtube.com/watch?v=Eu4-7R_ONH8
Little River Band	Help Is On Its Way	1977/11/05, 1977/12/24	14, 14	22, 22	20, 98	 18, 100	187, 721	https://www.youtube.com/watch?v=62hmTMxtl5c
Little River Band	Reminiscing	1978/08/19	3	20	27	28	77	https://www.youtube.com/watch?v=XBETVhHpcPk
Little River Band	The Other Guy	1983/01/15	11	18	13	14	310	https://www.youtube.com/watch?v=7aUFbPNRcsA
Little River Band	We Two	1983/06/18	22	12	23	22	104	https://www.youtube.com/watch?v=dxPILjZlLlE
Looking Glass	Brandy (You're A Fine Girl)	1972/09/30, 1972/08/19	1, 1	16, 16	32,  1	33,  2	128, 682	https://www.youtube.com/watch?v=DVx8L7a3MuE
Los Lobos	Will The Wolf Survive	1985/04/20	78	5	96	94	1119	https://www.youtube.com/watch?v=lJVsUMKftMo
Louis Armstrong	Hello, Dolly!	1964/03/28	1	22	8	8	650	https://www.youtube.com/watch?v=l7N2wssse14
Louis Prima & Keely Smith	That Old Black Magic	1958/12/15	18	13	20	18	746	https://www.youtube.com/watch?v=mHcYjPEYSsk
Lynyrd Skynyrd	Sweet Home Alabama	1974/10/26	8	17	9	8	107	https://www.youtube.com/watch?v=DA0z9EcefOU
Madonna	Live To Tell	1986/07/26	1	18	58	59	1173	https://www.youtube.com/watch?v=IzAO9A9GjgI
Madonna	Oh Father	1990/02/03	20	13	100	100	1140	https://www.youtube.com/watch?v=qvVvN0QvzTk
Marc Cohn	Walking In Memphis	1991/08/17	13	23	69	69	775	https://www.youtube.com/watch?v=3A6ZXYhE7Lk
Marie Osmond	Paper Roses	1973/10/20	5	16	10	10	1245	https://www.youtube.com/watch?v=FMmM_eKGa28
Marky Mark	Good Vibrations	1991/11/09, 1991/11/09	1, 1	19, 19	31, 30	31, 31	352, 503	https://www.youtube.com/watch?v=Zjk4CCVxWZM
Martha & The Vandellas	Nowhere To Run	1965/03/27	8	11	14	12	74	https://www.youtube.com/watch?v=WR9pvGtyiHg
Marty Robbins	Big Iron	1960/03/21, 1960/05/09	26, 26	10, 10	67, 42	67, 43	814, 1120	https://www.youtube.com/watch?v=vg_ECcPFFcQ
Marty Robbins	I Walk Alone	1968/12/14	65	8	66	65	1054	https://www.youtube.com/watch?v=M4frjxVMNLc
Marvin Gaye	I Want You	1976/06/26, 1976/05/15	15, 15	13, 13	14, 35	15, 35	319, 795	https://www.youtube.com/watch?v=gjRLbzxz_3Y
Marvin Gaye & Kim Weston	It Takes Two	1967/01/07	14	12	87	88	280	https://www.youtube.com/watch?v=uxMRgponxD0
Marvin Gaye	Mercy Mercy Me (The Ecology)	1971/08/07	4	12	10	10	819	https://www.youtube.com/watch?v=cB5sCP6s120
Marvin Gaye & Tammi Terrell	If I Could Build My Whole World Around You	1967/12/23, 1967/12/23, 1967/12/09	10, 10, 10	11, 11, 11	22, 24, 49	23, 23, 47	619, 1100, 1117	https://www.youtube.com/watch?v=JFQOHevnY0k
Mary MacGregor	Torn Between Two Lovers	1976/12/18	1	22	43	42	1138	https://www.youtube.com/watch?v=xFB1yytGLRA
Max Frost & The Troopers	Shape Of Things To Come	1968/11/16	22	12	38	40	257	https://www.youtube.com/watch?v=OEXzNx9BZCc
Meat Loaf	Paradise By The Dashboard Light	1978/09/30	39	10	43	43	71	https://www.youtube.com/watch?v=NUZk3mzwxNk
Meat Loaf	You Took The Words Right Out Of My Mouth	1978/12/02	39	13	63	64	807	https://www.youtube.com/watch?v=Nv4yLDLmtOQ
Melba Montgomery	No Charge	1974/06/08	39	10	38	39	167	https://www.youtube.com/watch?v=1ubdrRqaE6I
Mel Torme	Comin' Home Baby	1962/12/29	36	11	36	36	213	https://www.youtube.com/watch?v=Ut1xwRErqlM
Metallica	One	1989/05/20	35	15	89	89	884	https://www.youtube.com/watch?v=WehVHuT9zik
Michael Jackson	Beat It	1983/04/02	1	25	14	14	629	https://www.youtube.com/watch?v=oRdxUFDoQe0
Michael Jackson	Human Nature	1983/08/13	7	14	22	23	637	https://www.youtube.com/watch?v=ElN_4vUvTPs
Michael Jackson	Man In The Mirror	1988/04/23	1	16	11	11	1188	https://www.youtube.com/watch?v=8IWAdE_H6fQ
Michael Jackson	Wanna Be Startin' Somethin'	1983/09/03	5	15	89	89	223	https://www.youtube.com/watch?v=1x2UyzNQnno
Michael Jackson With Siedah Garrett	I Just Can't Stop Loving You	1987/08/22	1	12	12	10	85	https://www.youtube.com/watch?v=fKBiYBWRYDM
Michael Johnson	Almost Like Being In Love	1978/09/02	32	12	54	54	547	https://www.youtube.com/watch?v=cOQcfUIg1gc
Michael Sembello	Maniac	1983/06/25	1	22	49	48	553	https://www.youtube.com/watch?v=qvYQ1TNbf2g
Milli Vanilli	Baby Don't Forget My Number	1989/05/27	1	21	21	22	1276	https://www.youtube.com/watch?v=JhyzGDPwmYU
Milli Vanilli	Girl I m Gonna Miss You	1989/09/02	1	21	13	12	1039	https://www.youtube.com/watch?v=ZbUENJ5FjBk
Milli Vanilli	Girl You Know It's True	1989/04/22	2	26	8	8	913	https://www.youtube.com/watch?v=RdSmokR0Enk
Minnie Riperton	Lovin' You	1975/01/18	1	18	81	80	1257	https://www.youtube.com/watch?v=K7MqTrXwojk
Naked Eyes	Always Something There To Remind Me	1983/03/19	8	22	80	79	181	https://www.youtube.com/watch?v=lVrELhxOFnM
Nancy Sinatra	These Boots Are Made For Walkin'	1966/02/05	1	14	29	28	284	https://www.youtube.com/watch?v=wN35w-trGRo
Natalie Cole	I've Got Love On My Mind	1977/02/05	5	21	74	74	177	https://www.youtube.com/watch?v=qAEmBckfkiM
Natalie Cole	Unforgettable	1991/11/02	14	17	88	88	982	https://www.youtube.com/watch?v=MwLUkcNnU6A
Nat King Cole	Ramblin' Rose	1962/11/17	2	16	62	61	220	https://www.youtube.com/watch?v=anf7Bas0TJQ
Nat King Cole	Those Lazy-Hazy-Crazy Days Of Summer	1963/07/20, 1963/07/06	6, 6	12, 12	31, 11	33, 12	516, 1132	https://www.youtube.com/watch?v=q1Xnl-cXYu8
Neil Sedaka	Breaking Up Is Hard To Do	1976/03/13	1	25	55	55	728	https://www.youtube.com/watch?v=RJeUTwNzT64
Neneh Cherry	Kisses On The Wind	1989/10/07, 1989/08/19	8, 8	14, 14	23, 32	24, 32	370, 909	https://www.youtube.com/watch?v=SgrufS0FfgI
Nick Gilder	Hot Child In The City	1978/09/23, 1978/12/02	1, 1	31, 31	 9, 26	 9, 28	615, 783	https://www.youtube.com/watch?v=BKFHVOgN_D8
Nitty Gritty Dirt Band	Buy For Me The Rain	1967/04/22	45	7	57	57	88	https://www.youtube.com/watch?v=7tnmV0Wh760
Nitty Gritty Dirt Band	Make A Little Magic	1980/09/13	25	16	42	43	859	https://www.youtube.com/watch?v=Ew-3H1xpmb4
Oak Ridge Boys	Elvira	1981/05/30	5	22	48	48	864	https://www.youtube.com/watch?v=NuNPixFCYms
Ocean	Put Your Hand In The Hand	1971/05/29	2	14	5	6	429	https://www.youtube.com/watch?v=f1iAaKHd7z8
Oliver	Good Morning Starshine	1969/07/12	3	13	4	3	834	https://www.youtube.com/watch?v=-I-NbgskFeY
Otis Redding	Chained And Bound	1964/10/31	70	7	95	95	678	https://www.youtube.com/watch?v=HMt7z22wHpk
Otis Redding	I've Been Loving You Too Long (To Stop Now)	1965/07/03	21	11	20	21	502	https://www.youtube.com/watch?v=qZ6OrrkeVFo
Otis Redding	(Sittin' On) The Dock Of The Bay	1968/03/23	1	16	1	1	645	https://www.youtube.com/watch?v=rTVjnBo96Ug
Paper Lace	The Night Chicago Died	1974/08/03	1	17	4	5	767	https://www.youtube.com/watch?v=x6-xj2RAaOw
Pat Benatar	Fire And Ice	1981/08/15	17	15	25	24	89	https://www.youtube.com/watch?v=ozjnGSz-PvY
Pat Benatar	Heartbreaker	1980/03/08, 1979/12/22	23, 23	18, 18	22, 75	24, 76	1053, 1204	https://www.youtube.com/watch?v=fjFDDTtabMQ
Pat Benatar	Little Too Late	1983/04/30	20	14	81	83	973	https://www.youtube.com/watch?v=84TB8C50nos
Pat Benatar	Love Is A Battlefield	1983/10/01	5	22	63	62	741	https://www.youtube.com/watch?v=IGVZOLV9SPo
Pat Benatar	Promises In The Dark	1981/11/21, 1981/11/21	38, 38	11, 11	57, 55	55, 55	227, 275	https://www.youtube.com/watch?v=7qUFZwJb9GA
Patrick Hernandez	Born To Be Alive	1979/07/14, 1979/06/30, 1979/08/04	16, 16, 16	19, 19, 19	59, 79, 40	60, 78, 40	259, 279, 552	https://www.youtube.com/watch?v=KfS7FHhpT2g
Paul Anka	Let Me Get To Know You	1974/02/23	80	8	85	87	325	https://www.youtube.com/watch?v=kKNv-4hIsuk
Paul Anka	Love Me Warm And Tender	1962/05/12	12	12	36	34	196	https://www.youtube.com/watch?v=qd0OWBp4zy0
Paul McCartney	Maybe I'm Amazed	1977/03/05	10	13	20	20	206	https://www.youtube.com/watch?v=cdDPR8GzXy8
Paul McCartney & Wings	My Love	1973/04/14	1	18	73	73	1163	https://www.youtube.com/watch?v=NUbz2NEAi80
Paul McCartney	Press	1986/08/23	21	11	39	39	772	https://www.youtube.com/watch?v=KzH-2NgtaZk
Paul McCartney	With A Little Luck	1978/07/22	1	18	94	96	456	https://www.youtube.com/watch?v=ZmjN1O1ejS4
Paul Revere & The Raiders	Kicks	1966/06/04	4	14	14	14	1181	https://www.youtube.com/watch?v=C8v70_NtJng
Paul Simon	50 Ways To Leave Your Lover	1976/03/27	1	17	31	29	824	https://www.youtube.com/watch?v=ABXtWqmArUU
Paul Simon	You Can Call Me Al	1986/08/23, 1986/08/09	23, 23	29, 29	69, 83	69, 83	81, 833	https://www.youtube.com/watch?v=uq-gYOrU8bA
Peaches & Herb	Shake Your Groove Thing	1978/12/23	5	22	69	71	550	https://www.youtube.com/watch?v=Hz2Cv6Zb9a0
Peggy Lee	Fever	1958/09/22	8	16	32	33	396	https://www.youtube.com/watch?v=Kjy2sZ8yBGQ
Peggy Lee	Is That All There Is	1969/10/11	11	10	33	33	59	https://www.youtube.com/watch?v=LCRZZC-DH7M
Peter Gabriel	Shock The Monkey	1982/11/06, 1982/12/04	29, 29	18, 18	59, 39	60, 39	92, 141	https://www.youtube.com/watch?v=CnVf1ZoCJSo
Pet Shop Boys	Always On My Mind	1988/04/30	4	14	12	11	184	https://www.youtube.com/watch?v=2j3JeR8NjYw
Pet Shop Boys	Love Comes Quickly	1986/10/04	62	8	60	62	526	https://www.youtube.com/watch?v=DDKciZRqhl8
Pet Shop Boys	What Have I Done To Deserve This?	1988/02/20	2	12	3	2	648	https://www.youtube.com/watch?v=Wn9E5i7l-Eg
Pet Shop Boys	Where The Streets Have No Name	1991/06/08, 1991/06/29	72, 72	7, 7	76, 84	76, 83	382, 1300	https://www.youtube.com/watch?v=qE6GmD0p2Bk
Phil Collins	Two Hearts	1989/02/25	1	18	50	48	43	https://www.youtube.com/watch?v=SidxJz94Svs
Pink Floyd	Another Brick In The Wall (Part II)	1980/07/05	1	25	93	94	1052	https://www.youtube.com/watch?v=xBQsQoGodPY
Pink Floyd	Money	1973/07/28	13	15	12	13	269	https://www.youtube.com/watch?v=-0kcet4aPpQ
Player	Baby Come Back	1978/01/28	1	32	3	1	1003	https://www.youtube.com/watch?v=mm-bSGoUDsc
Poison	Unskinny Bop	1990/09/15	3	19	3	5	810	https://www.youtube.com/watch?v=RQ88-puOdlc
Prince (With Sheena Easton)	The Arms Of Orion	1989/12/16	36	14	35	36	1019	https://www.youtube.com/watch?v=qeESp2aiBOg
Psychedelic Furs	Pretty In Pink	1986/05/24	41	11	42	42	729	https://www.youtube.com/watch?v=nu0sYQRECkY
Pure Prairie League	Amie	1975/03/08	27	13	88	88	406	https://www.youtube.com/watch?v=vxcVK9rj-Sg
Quarterflash	Harden My Heart	1982/03/06, 1982/02/06	3, 3	24, 24	18,  4	18,  4	608, 659	https://www.youtube.com/watch?v=TNFSED77-GM
Queensryche	Silent Lucidity	1991/06/08, 1991/05/11	9, 9	17, 17	10, 10	12, 11	670, 685	https://www.youtube.com/watch?v=3LbrmLg3lQE
Queen	We Are The Champions	1978/01/14	4	27	10	10	588	https://www.youtube.com/watch?v=I0VpjS3yx0s
Randy Vanwarmer	Just When I Needed You Most	1979/07/21	4	20	38	38	149	https://www.youtube.com/watch?v=yBOQgL731Ac
Rare Earth	Get Ready	1970/06/06	4	20	6	6	1220	https://www.youtube.com/watch?v=6Ngwmf4Sz84
Ray Charles	Crying Time	1965/12/25	6	15	60	61	748	https://www.youtube.com/watch?v=VJcwqyhUtH0
Ray Charles	Eleanor Rigby	1968/06/29	35	10	54	53	933	https://www.youtube.com/watch?v=QH81RJtakRU
Ray Charles	Let's Go Get Stoned	1966/07/16	31	9	29	31	890	https://www.youtube.com/watch?v=gFwhCLYO_-M
Ray Charles	(Night Time Is) The Right Time	1959/02/09	95	1	94	95	214	https://www.youtube.com/watch?v=BTruv-lVoLk
Ray Parker Jr.	Ghostbusters	1984/08/18	1	21	1	1	621	https://www.youtube.com/watch?v=Fe93CLbHjxQ
Ray Price	For The Good Times	1970/09/26, 1970/12/12	11, 11	24, 24	65, 22	66, 23	102, 725	https://www.youtube.com/watch?v=phLlo_t-z-U
R. Dean Taylor	Indiana Wants Me	1970/12/05, 1970/09/19	5, 5	15, 15	18, 34	18, 35	30, 537	https://www.youtube.com/watch?v=fZL_tZxyBDo
Redbone	Come And Get Your Love	1974/02/16	5	23	35	35	315	https://www.youtube.com/watch?v=Dj0drevGOgA
REO Speedwagon	Time For Me To Fly	1980/05/31, 1980/07/05	56, 56	13, 13	90, 85	90, 86	268, 910	https://www.youtube.com/watch?v=6cOBGGCnAeI
Rick Derringer	Rock And Roll, Hoochie Koo	1974/02/23	23	14	43	42	1267	https://www.youtube.com/watch?v=3n6-kdVrmVE
Rick James	Give It To Me Baby	1981/06/27	40	14	49	50	480	https://www.youtube.com/watch?v=1dNIQVYGXbM
Rick James	Super Freak (Part I)	1981/12/19	16	24	74	72	812	https://www.youtube.com/watch?v=QYHxGBH6o4M
Rick Springfield	Don't Talk To Strangers	1982/03/20	2	21	24	24	865	https://www.youtube.com/watch?v=cp42V938eBA
Rick Springfield	Jessie's Girl	1981/04/11, 1981/08/22	1, 1	32, 32	60,  6	61,  5	217, 450	https://www.youtube.com/watch?v=qYkbTyHXwbs
Rita Coolidge	Fever	1973/01/27	76	7	75	77	692	https://www.youtube.com/watch?v=nGv6mw8005I
Rita Coolidge	The Way You Do The Things You Do	1978/01/21	20	11	74	73	291	https://www.youtube.com/watch?v=-DJXeglQgkc
Rita Coolidge	We're All Alone	1977/11/26	7	20	7	7	806	https://www.youtube.com/watch?v=NoX6VZA3Gs0
Rita Coolidge	(Your Love Has Lifted Me) Higher And Higher	1977/08/13	2	27	5	4	336	https://www.youtube.com/watch?v=iv3IyfMvZIc
Rob Base	It Takes Two	1988/09/10	36	16	56	58	1109	https://www.youtube.com/watch?v=phOW-CZJWT0
Roberta Flack & Donny Hathaway	You've Got A Friend	1971/08/07, 1971/06/19	29, 29	12, 12	32, 68	31, 67	4, 1229	https://www.youtube.com/watch?v=xVybozv_L3M
Roberta Flack	Feel Like Makin' Love	1974/09/28, 1974/09/07, 1974/08/03	1, 1, 1	16, 16, 16	39, 10,  3	38, 11,  3	221, 454, 940	https://www.youtube.com/watch?v=kYNPewTjXRg
Robert John	Lonely Eyes	1980/02/09	41	11	62	63	154	https://www.youtube.com/watch?v=Gbfh1_vSvUo
Robert John	Sad Eyes	1979/09/22	1	27	5	6	1064	https://www.youtube.com/watch?v=JsyQ06YZVQc
Robert Palmer	Addicted To Love	1986/03/08, 1986/03/08	1, 1	22, 22	40, 37	38, 38	271, 458	https://www.youtube.com/watch?v=XcATvu5f9vE
Rock And Hyde	Dirty Water	1987/05/23	61	10	64	65	929	https://www.youtube.com/watch?v=G5kLzAajFZQ
Rockwell	Somebody's Watching Me	1984/01/28, 1984/03/17	2, 2	19, 19	73,  4	73,  3	334, 882	https://www.youtube.com/watch?v=-dtk3VW8MDI
Rod Bernard	This Should Go On Forever	1959/03/16	20	11	61	60	707	https://www.youtube.com/watch?v=xvnHi0zZC-o
Rod Stewart	Maggie May	1971/11/27	1	17	11	11	100	https://www.youtube.com/watch?v=EOl7dh7a-6g
Rod Stewart	Twistin' The Night Away (from the film Innerspace)	1987/07/25	80	4	82	80	620	https://www.youtube.com/watch?v=otyVxWqjBD4
Roger Miller	You Can't Roller Skate In A Buffalo Herd	1966/07/30, 1966/07/30	40, 40	6, 6	42, 43	43, 43	308, 669	https://www.youtube.com/watch?v=WkIvzcossJk
Ronnie Milsap	I Wouldn't Have Missed It For The World	1981/10/31	20	17	76	75	131	https://www.youtube.com/watch?v=xCMB1gYLiIk
Roxette	The Look	1989/03/04	1	19	25	25	567	https://www.youtube.com/watch?v=rA20PqR0tko
Roxy Music	Dance Away	1979/05/19, 1979/06/02	44, 44	9, 9	64, 48	65, 49	568, 846	https://www.youtube.com/watch?v=NavzcV_gRiE
Roy Drusky	Three Hearts In A Tangle	1961/06/26	35	16	34	35	1006	https://www.youtube.com/watch?v=iqJ0hK8PAw0
Roy Head	Treat Her Right	1965/09/18	2	11	25	26	1125	https://www.youtube.com/watch?v=3gEnQ8VVWEU
Roy Orbison	Cry Softly Lonely One	1967/08/26	52	6	54	53	64	https://www.youtube.com/watch?v=m1GxRdyjArg
Run-D.M.C.	Walk This Way	1986/08/02	4	16	56	55	879	https://www.youtube.com/watch?v=4B_UYYPb-Gk
Rush	The Spirit Of Radio	1980/03/08	51	8	60	62	105	https://www.youtube.com/watch?v=g_QtO0Rhp0w
Sagittarius	My World Fell Down	1967/07/22	70	5	70	70	1182	https://www.youtube.com/watch?v=aprDkTOtSww
Sammy Hagar	Give To Live	1987/07/11	23	17	52	52	465	https://www.youtube.com/watch?v=xrdzTmUTtYU
Sammy Hagar	I Can't Drive 55	1984/11/17	26	16	27	27	353	https://www.youtube.com/watch?v=RvV3nn_de2k
Santana	Evil Ways	1970/04/04	9	13	18	18	364	https://www.youtube.com/watch?v=iRvtNCauT58
Santo & Johnny	Sleep Walk	1959/08/24, 1959/08/10	1, 1	18, 18	 8, 53	 8, 55	157, 603	https://www.youtube.com/watch?v=2rwfqsjimRM
Shannon	Let The Music Play	1984/01/14	8	24	26	26	1279	https://www.youtube.com/watch?v=_-0sUuGufmw
Shirley Brown	Woman To Woman	1975/01/25	22	14	53	54	400	https://www.youtube.com/watch?v=P6eyIyVXvAg
Simon & Garfunkel	A Hazy Shade Of Winter	1966/11/26	13	9	18	17	1121	https://www.youtube.com/watch?v=K_HeQEmzDXI
Simon & Garfunkel	Cecilia	1970/05/30	4	13	4	4	560	https://www.youtube.com/watch?v=Rwwaj83HUlk
Simon & Garfunkel	El Condor Pasa	1970/09/26	18	11	38	38	1261	https://www.youtube.com/watch?v=pey29CLID3I
Simon & Garfunkel	Fakin' It	1967/09/16	23	8	65	65	947	https://www.youtube.com/watch?v=XLjHt5tkRFo
Simon & Garfunkel	Mrs. Robinson	1968/06/01	1	13	2	1	616	https://www.youtube.com/watch?v=9C1BCAgu2I8
Simon & Garfunkel	The Sounds Of Silence	1965/12/11	1	14	27	26	1153	https://www.youtube.com/watch?v=4fWyzwo1xg0
Simple Minds	Sanctify Yourself	1986/03/22	14	14	12	14	254	https://www.youtube.com/watch?v=sGQNRyxmhhg
Sly & The Family Stone	Hot Fun In The Summertime	1969/11/15	2	16	12	12	70	https://www.youtube.com/watch?v=1tCc--3xw10
Sly & The Family Stone	I Want To Take You Higher	1969/06/28	38	16	59	60	614	https://www.youtube.com/watch?v=1fQvlN8Aizw
Smokey Robinson	Cruisin'	1980/03/01, 1980/03/08, 1979/12/01	4, 4, 4	25, 25, 25	 5, 15, 29	 7, 15, 28	307, 1133, 1162	https://www.youtube.com/watch?v=5sVRn5q4ntM
Snap	The Power	1990/06/09, 1990/05/26	2, 2	22, 22	30, 52	28, 50	40, 742	https://www.youtube.com/watch?v=HzCK_dS_ook
Soft Cell	Tainted Love	1982/01/30	8	43	75	73	654	https://www.youtube.com/watch?v=XZVpR3Pk-r8
Solomon Burke	If You Need Me	1963/04/20, 1963/06/29	37, 37	11, 11	93, 67	91, 69	160, 172	https://www.youtube.com/watch?v=osfd8PasOtg
Sonny & Cher	A Cowboys Work Is Never Done	1972/04/15	8	13	10	10	1147	https://www.youtube.com/watch?v=qHfAaG34H30
Sonny & Cher	All I Ever Need Is You	1971/12/11	7	15	8	8	950	https://www.youtube.com/watch?v=HK9hNj29gb0
Sonny & Cher	Baby Don't Go	1965/09/18	8	12	23	22	1212	https://www.youtube.com/watch?v=BjHSOzVU5j0
Spandau Ballet	True	1983/08/20	4	18	41	42	91	https://www.youtube.com/watch?v=AR8D2yqgQ1U
Stephanie Mills	Never Knew Love Like This Before	1980/12/06	6	25	33	33	1112	https://www.youtube.com/watch?v=RnL4L3IN6R8
Steppenwolf	Born To Be Wild	1968/10/05	2	13	22	23	841	https://www.youtube.com/watch?v=mLhpXUtxS1c
Steve Miller Band	Rock'n Me	1976/09/25	1	18	20	21	1249	https://www.youtube.com/watch?v=pIF9hCgImTY
Steve Miller Band	The Joker	1973/11/10, 1974/01/19	1, 1	20, 20	44,  1	46,  2	29, 504	https://www.youtube.com/watch?v=dV3AziKTBUo
Steve Winwood	Back In The High Life Again	1987/09/05	13	21	36	37	207	https://www.youtube.com/watch?v=Adw772km7PQ
Steve Winwood	Don't You Know What The Night Can Do?	1988/10/15	6	17	7	7	889	https://www.youtube.com/watch?v=RY5W2Yfze7M
Stevie B	Because I Love You (The Postman Song)	1991/02/16, 1991/02/23	1, 1	23, 23	50, 63	49, 65	242, 782	https://www.youtube.com/watch?v=Xc1uQI2XmZs
Stevie Wonder	Do I Do	1982/07/10	13	14	13	13	736	https://www.youtube.com/watch?v=GDl0GPvSAH0
Stevie Wonder	Higher Ground	1973/09/01	4	14	29	30	625	https://www.youtube.com/watch?v=4wZ3ZG_Wams
Stevie Wonder	If You Really Love Me	1971/09/04	8	14	36	37	631	https://www.youtube.com/watch?v=UmR4y4slhmo
Stevie Wonder	That Girl	1982/01/16, 1982/03/06	4, 4	18, 18	70,  6	72,  5	683, 768	https://www.youtube.com/watch?v=eagQKwVendA
Sting	All This Time	1991/02/23	5	15	14	13	1012	https://www.youtube.com/watch?v=4LdUme7QZLY
Sting	If You Love Somebody Set Them Free	1985/08/10	3	18	2	3	384	https://www.youtube.com/watch?v=LSGl3d4KOMk
Stray Cats	I Won't Stand In Your Way	1983/11/19	35	12	50	48	1197	https://www.youtube.com/watch?v=b5z9wzOc7og
Stray Cats	Rock This Town	1982/11/27, 1983/01/29	9, 9	21, 21	13, 84	12, 85	1102, 1150	https://www.youtube.com/watch?v=4ufnbA2Cdl4
Swingin' Medallions	Double Shot (Of My Baby's Love)	1966/04/30	17	13	93	92	549	https://www.youtube.com/watch?v=FTiUCv-0KGY
Switch	There'll Never Be	1978/11/25	36	13	41	41	1078	https://www.youtube.com/watch?v=vULzX6LMU3k
Talking Heads	And She Was	1985/12/07, 1985/11/30	54, 54	20, 20	88, 66	87, 65	23, 870	https://www.youtube.com/watch?v=cl3B_FTDKD0
Talking Heads	Burning Down The House	1983/08/20	9	20	53	54	844	https://www.youtube.com/watch?v=FBUe_v6Mi70
Tanya Tucker	Here's Some Love	1976/10/09	82	5	88	87	19	https://www.youtube.com/watch?v=oSYHemX6eoQ
Teddy Pendergrass	I Don't Love You Anymore	1977/06/25	41	14	51	51	797	https://www.youtube.com/watch?v=slwd7VXgjmg
Ten Years After	I'd Love To Change The World	1971/11/13, 1971/10/02	40, 40	12, 12	42, 86	42, 86	248, 751	https://www.youtube.com/watch?v=CTUsFm0BAu8
Tevin Campbell	Tell Me What You Want Me To Do	1991/11/16	6	25	74	74	1145	https://www.youtube.com/watch?v=_3QQk3pxsZk
The 5th Dimension	Go Where You Wanna Go	1967/01/21	16	10	70	71	330	https://www.youtube.com/watch?v=ZDg8z_V_zmM
The 5th Dimension	If I Could Reach You	1972/09/23	10	15	47	47	433	https://www.youtube.com/watch?v=ge1kvp6F2Zs
The 5th Dimension	(Last Night) I Didn't Get To Sleep At All	1972/04/29	8	16	33	34	265	https://www.youtube.com/watch?v=gijK_HQT_Xk
The 5th Dimension	Never My Love	1971/11/20	12	11	18	19	22	https://www.youtube.com/watch?v=4-2zkJpJRYA
The 5th Dimension	One Less Bell To Answer	1971/02/13	2	19	12	13	1127	https://www.youtube.com/watch?v=jqmS29CXNZ8
The Alan Parsons Project	Eye In The Sky	1982/07/31	3	25	33	35	956	https://www.youtube.com/watch?v=pwEqUy99qkg
The Allman Brothers Band	Straight From The Heart	1981/09/19	39	11	39	39	798	https://www.youtube.com/watch?v=-odwKUkG17Y
The Amboy Dukes	Journey To The Center Of The Mind	1968/07/20	16	12	46	47	828	https://www.youtube.com/watch?v=3dkqqxwQE1A
The Animals	San Franciscan Nights	1967/09/16	9	10	9	9	168	https://www.youtube.com/watch?v=y4G3KPP1Nts
The Babys	Every Time I Think Of You	1979/02/03	13	16	37	37	1070	https://www.youtube.com/watch?v=9jqruhCiwd0
The Band	Life Is A Carnival	1971/11/20	72	6	77	75	234	https://www.youtube.com/watch?v=-PuC7xyJsBQ
The Beach Boys	Bluebirds Over The Mountain	1969/01/11	61	6	63	62	427	https://www.youtube.com/watch?v=RtQb8-XKojY
The Beach Boys	In My Room	1963/11/23	23	11	44	44	270	https://www.youtube.com/watch?v=WJ12fKVuHsM
The Beach Boys	Kokomo (from the film Cocktail)	1988/09/17	1	28	57	58	974	https://www.youtube.com/watch?v=fJWmbLS2_ec
The Beach Boys	Sail On Sailor	1975/06/07	49	17	77	79	239	https://www.youtube.com/watch?v=RQOaLP-qPmk
The Beach Boys	Still Cruisin	1989/09/02	93	3	96	95	228	https://www.youtube.com/watch?v=1RbMTDLFOjA
The Beach Boys	Surfin' Safari	1962/08/18	14	17	77	79	838	https://www.youtube.com/watch?v=IMChBJZUDK8
The Beach Boys	Wendy	1964/11/21	44	6	56	56	479	https://www.youtube.com/watch?v=bHyUSNPtNJ8
The Beatles	A Hard Day's Night	1964/09/19	1	13	12	12	1142	https://www.youtube.com/watch?v=Pbg8T9r1DiQ
The Beatles	Come Together	1969/10/25	1	16	13	13	473	https://www.youtube.com/watch?v=45cYwDMibGo
The Beatles	Do You Want To Know A Secret	1964/03/28	2	11	80	78	302	https://www.youtube.com/watch?v=uRQ7ecvU56k
The Beatles	Eight Days A Week	1965/03/27	1	10	2	4	727	https://www.youtube.com/watch?v=kle2xHhRHg4
The Beatles	Help!	1965/10/30	1	13	33	32	1244	https://www.youtube.com/watch?v=CTsB-llTzyc
The Beatles	I Don't Want To Spoil The Party	1965/03/20	39	6	40	39	1213	https://www.youtube.com/watch?v=zqVDvLDLsjI
The Beatles	I Saw Her Standing There	1964/02/15	14	11	56	54	853	https://www.youtube.com/watch?v=mwBdWVTR-o8
The Beatles	Love Me Do	1964/07/11	1	14	23	24	50	https://www.youtube.com/watch?v=KPon7i1-T1U
The Beatles	Ob-La-Di, Ob-La-Da	1976/12/11	49	7	49	49	1107	https://www.youtube.com/watch?v=_Paqe2-BCYM
The Beatles	She's A Woman	1964/12/12	4	9	30	29	1193	https://www.youtube.com/watch?v=lQomFaLyQ5I
The Box Tops	Cry Like A Baby	1968/04/20	2	15	1	3	935	https://www.youtube.com/watch?v=UNdqepvSH7Y
The Boys	Dial My Heart	1988/12/24	13	19	46	46	78	https://www.youtube.com/watch?v=4K4XgXJadg8
The Buckinghams	Kind Of A Drag	1967/01/07	1	13	66	66	369	https://www.youtube.com/watch?v=ngMWUIkf8o8
The Byrds	Eight Miles High	1966/06/04	14	9	33	32	111	https://www.youtube.com/watch?v=J74ttSR8lEg
The Byrds	Goin' Back	1967/11/18	89	3	92	94	1033	https://www.youtube.com/watch?v=j4FdyminJnk
The Castaways	Liar, Liar	1965/10/09	12	14	18	18	848	https://www.youtube.com/watch?v=S8rCy173y7Y
The Chiffons	He's So Fine	1963/03/09	1	15	17	19	1292	https://www.youtube.com/watch?v=rinz9Avvq6A
The Chiffons	Sweet Talkin' Guy	1966/05/07	10	10	88	86	26	https://www.youtube.com/watch?v=T2HBnYG9MF0
The Contours	Do You Love Me	1988/06/18, 1962/11/10, 1988/07/09	3, 3, 3	34, 34, 34	57,  7, 28	58,  9, 28	66, 335, 849	https://www.youtube.com/watch?v=Bmgjc5Prdpw
The Cowsills	Hair	1969/03/15	2	15	85	84	770	https://www.youtube.com/watch?v=Qt_yKPNORLM
The Cowsills	Silver Threads And Golden Needles	1969/10/18	74	7	83	84	474	https://www.youtube.com/watch?v=jOVikiUPgxQ
The Crystals	He's A Rebel	1962/12/08, 1962/09/29	1, 1	18, 18	12, 44	11, 44	404, 1091	https://www.youtube.com/watch?v=G_SXJ18EkNw
The Crystals	There's No Other (Like My Baby)	1961/11/20	20	9	91	92	1094	https://www.youtube.com/watch?v=UJwFTfzxH5U
The Cure	Just Like Heaven	1988/02/13	40	19	93	92	359	https://www.youtube.com/watch?v=uhEV4CBDnCY
The Doobie Brothers	Echoes Of Love	1977/10/29	66	7	78	76	1200	https://www.youtube.com/watch?v=FfFgvjf2GN0
The Doors	Riders On The Storm	1971/07/24	14	12	41	39	945	https://www.youtube.com/watch?v=iv8GW1GaoIc
The Dramatics	Hey You! Get Off My Mountain	1973/05/26	43	12	64	65	1020	https://www.youtube.com/watch?v=ymVAVVJQ2KM
The Drifters	On Broadway	1963/03/30, 1963/04/06	9, 9	10, 10	54, 36	56, 37	461, 781	https://www.youtube.com/watch?v=yPYRtjxYEH8
The Eagles	Already Gone	1974/05/04	32	15	99	97	209	https://www.youtube.com/watch?v=rOHnwTiJWVQ
The Eagles	Best Of My Love	1975/02/22	1	19	4	2	1061	https://www.youtube.com/watch?v=7EZ0YOuq2Yc
The Eagles	Lyin' Eyes	1975/10/04	2	14	19	18	296	https://www.youtube.com/watch?v=NpPtSTcNzPY
The Eagles	The Long Run	1980/03/15	8	15	99	99	591	https://www.youtube.com/watch?v=QyUW98ROjbk
The Electric Prunes	I Had Too Much To Dream (Last Night)	1967/01/07	11	14	49	47	134	https://www.youtube.com/watch?v=IeVnbAfcwv8
The Everly Brothers	Bird Dog	1958/12/01, 1958/08/18	2, 2	19, 19	79, 16	78, 17	322, 733	https://www.youtube.com/watch?v=zhzIOFTask4
The Everly Brothers	Ebony Eyes	1961/04/10, 1961/03/13	8, 8	12, 12	30,  7	31,  9	1116, 1297	https://www.youtube.com/watch?v=4fF6UUvbHIw
TheEverly Brothers	On The Wings Of A Nightingale	1984/11/03	50	12	87	88	809	https://www.youtube.com/watch?v=ACVBwruNBzg
The Everly Brothers	That's Old Fashioned (That's The Way Love Should Be)	1962/06/30	9	9	10	12	1248	https://www.youtube.com/watch?v=jRMiMWCnN8s
The Everly Brothers	Walk Right Back	1961/05/01	7	13	52	50	153	https://www.youtube.com/watch?v=ZBDmsU3ZRNM
The Fabulous Thunderbirds	Tuff Enuff	1986/06/28	10	19	14	15	1062	https://www.youtube.com/watch?v=QksucrdVSh4
The Falcons	I Found A Love	1962/05/26	75	9	75	75	580	https://www.youtube.com/watch?v=qGQmUTzkwb8
The Fireballs	Sugar Shack	1963/12/14	1	15	13	13	674	https://www.youtube.com/watch?v=iHzjfGF6MiU
The Greg Kihn Band	Happy Man	1982/05/22	62	7	88	86	1246	https://www.youtube.com/watch?v=vgsbBTzVCbc
The Greg Kihn Band	Lucky	1985/02/16	30	12	70	72	1027	https://www.youtube.com/watch?v=EOpG1zqWv1Q
The Hollies	Carrie-Anne	1967/08/26	9	13	18	18	477	https://www.youtube.com/watch?v=uLcSXNtdqbE
The Hollies	Long Dark Road	1972/11/18	26	11	51	52	290	https://www.youtube.com/watch?v=rqStvoMWYPM
The Isley Brothers	It's Your Thing	1969/06/07	2	14	19	19	391	https://www.youtube.com/watch?v=7nvudxqX_LA
The Jacksons	Dancing Machine	1974/08/10	2	22	68	69	985	https://www.youtube.com/watch?v=LXRXmDoi1jc
The Jacksons	I Want You Back	1969/11/29	1	19	49	51	1178	https://www.youtube.com/watch?v=GP5qFx2yAtU
The J. Geils Band	Freeze-Frame	1982/03/20	4	16	19	18	1002	https://www.youtube.com/watch?v=wHo43B6nu60
The J. Geils Band	Just Can't Wait	1980/08/02	78	5	91	90	21	https://www.youtube.com/watch?v=j3coyQa30I0
The J. Geils Band	Looking For A Love	1972/01/29, 1972/01/22	39, 39	10, 10	44, 40	45, 39	662, 664	https://www.youtube.com/watch?v=dK6yfR701oQ
The J. Geils Band	Must Of Got Lost	1974/12/07	12	11	24	24	1069	https://www.youtube.com/watch?v=H3SbSTk7_4A
The J. Geils Band	One Last Kiss	1978/12/02	35	13	65	65	478	https://www.youtube.com/watch?v=pldfdclhQuc
The Kendalls	Heaven's Just A Sin Away	1977/11/19	69	7	78	80	671	https://www.youtube.com/watch?v=i3APpRmkqSM
The Kinks	Better Things	1981/12/05	92	8	99	97	443	https://www.youtube.com/watch?v=KTY66qdgl7E
The Kinks	Till The End Of The Day	1966/04/23	50	8	60	61	904	https://www.youtube.com/watch?v=gEy3KzB6z4A
The La's	There She Goes	1991/07/27	49	10	80	80	1289	https://www.youtube.com/watch?v=gqgDcvTuBSM
Thelma Houston	Don't Leave Me This Way	1977/05/28	1	24	65	64	1086	https://www.youtube.com/watch?v=uS1knb9R8XI
The Meters	Look-Ka Py Py	1970/01/31	56	10	56	56	1096	https://www.youtube.com/watch?v=J1S7aeKYAfA
The Miracles	Baby, Baby Don't Cry	1969/03/22, 1969/01/04	8, 8	14, 14	17, 54	17, 53	481, 1186	https://www.youtube.com/watch?v=oHSY7sYbSg8
The Miracles	I Don't Blame You At All	1971/04/03	18	12	52	50	582	https://www.youtube.com/watch?v=V94DHoh63rQ
The Miracles	I Second That Emotion	1968/01/20	4	15	7	8	946	https://www.youtube.com/watch?v=KI_0tQdEA5k
The Miracles	Mighty Good Lovin'	1961/08/14	51	6	51	51	1134	https://www.youtube.com/watch?v=u756wQM41ag
The Moments	Walk Right In	1963/01/12	82	5	98	100	554	https://www.youtube.com/watch?v=fYBQazgpbeQ
The Music Explosion	Little Bit O' Soul	1967/05/20	2	16	73	73	467	https://www.youtube.com/watch?v=sdsqFd-8sy8
The Music Machine	The People In Me	1967/01/28	66	8	99	100	643	https://www.youtube.com/watch?v=nD-4bCiLTFs
The O'Jays	Love Train	1973/04/21	1	14	29	28	202	https://www.youtube.com/watch?v=2vTKmVvyNRc
The Osmonds	One Bad Apple	1971/01/09	1	15	65	64	432	https://www.youtube.com/watch?v=Q3Ax1yA9q74
The Pointer Sisters	He's So Shy	1980/08/09	3	26	61	62	663	https://www.youtube.com/watch?v=AeNHMDfD1tA
The Pointer Sisters	Jump (for My Love)	1984/05/26, 1984/04/28	3, 3	24, 24	22, 64	22, 62	448, 850	https://www.youtube.com/watch?v=uyTVyCp7xrw
The Police	Don't Stand So Close To Me	1981/03/21, 1981/04/04	10, 10	18, 18	14, 11	15, 12	492, 881	https://www.youtube.com/watch?v=KNIZofPB8ZM
The Police	Every Little Thing She Does Is Magic	1981/12/26	3	19	18	20	293	https://www.youtube.com/watch?v=aENX1Sf3fgQ
The Police	Spirits In The Material World	1982/03/27	11	13	30	31	148	https://www.youtube.com/watch?v=BHOevX4DlGk
The Power Station	Some Like It Hot	1985/04/06	6	18	25	24	44	https://www.youtube.com/watch?v=Hw1t7OCESUw
The Rascals	People Got To Be Free	1968/07/20	1	14	66	64	191	https://www.youtube.com/watch?v=CYcz7gMnifk
The Rembrandts	Someone	1991/06/01	78	10	91	93	414	https://www.youtube.com/watch?v=d0GAsYpxvlo
The Righteous Brothers	Unchained Melody	1965/08/14, 1990/10/20	 4, 13	13, 44	 6, 25	 6, 25	587, 1007	https://www.youtube.com/watch?v=xfF5gMqLl88
The Righteous Brothers	(You're My) Soul And Inspiration	1966/03/05, 1966/03/26	1, 1	13, 13	92,  9	90,  8	785, 1151	https://www.youtube.com/watch?v=IYj2hex99gY
The Ritchie Family	The Best Disco In Town	1976/10/23	17	20	26	25	925	https://www.youtube.com/watch?v=ZEr4yT0SeTc
The Robert Cray Band	Smoking Gun	1987/03/07, 1987/03/07	22, 22	14, 14	56, 58	56, 56	55, 329	https://www.youtube.com/watch?v=15EhYb5ydn4
The Rolling Stones	Dandelion	1967/09/16	14	8	43	42	264	https://www.youtube.com/watch?v=IxOpl37tysw
The Rolling Stones	Doo Doo Doo Doo Doo (Heartbreaker)	1974/03/02	15	11	25	25	345	https://www.youtube.com/watch?v=sqUiWpGGCmI
The Rolling Stones	Going To A Go-Go	1982/06/12	25	11	67	66	512	https://www.youtube.com/watch?v=3rGX3S4GG3E
The Rolling Stones	Have You Seen Your Mother, Baby, Standing In The Shadow?	1966/11/12	9	7	17	16	244	https://www.youtube.com/watch?v=uDcu-hIabuY
The Rolling Stones	Honky Tonk Women	1969/07/19, 1969/10/04	1, 1	15, 15	78,  7	79,  6	229, 1266	https://www.youtube.com/watch?v=gqtJELaLG5k
The Rolling Stones	It's Only Rock 'N Roll (But I Like It)	1974/09/14	16	10	17	17	39	https://www.youtube.com/watch?v=77GpDsJa00o
The Rolling Stones	Miss You	1978/07/29	1	20	3	3	958	https://www.youtube.com/watch?v=xZHwmzJa2UM
The Rolling Stones	Not Fade Away	1964/06/13	48	13	76	78	457	https://www.youtube.com/watch?v=P6RWnGQ3XqQ
The Rolling Stones	Time Is On My Side	1964/11/14, 1964/11/07, 1964/10/24	6, 6, 6	13, 13, 13	18, 31, 64	18, 30, 65	387, 597, 780	https://www.youtube.com/watch?v=-OR9Q_PlDvw
The Rolling Stones	Tumbling Dice	1972/06/24	7	10	24	24	130	https://www.youtube.com/watch?v=j9hkUpvUMmE
The Rolling Stones	Waiting On A Friend	1982/01/09, 1982/02/27	13, 13	15, 15	19, 34	20, 35	278, 332	https://www.youtube.com/watch?v=MKLVmBOOqVU
The Rolling Stones	Wild Horses	1971/06/19	28	8	83	85	94	https://www.youtube.com/watch?v=CmvmkKA5BRA
The Ronettes	Be My Baby	1963/09/28, 1963/09/28	2, 2	13, 13	1, 3	3, 3	120, 903	https://www.youtube.com/watch?v=NnWOBMQhNBQ
The Shirelles	Will You Love Me Tomorrow	1961/01/09	1	19	6	5	1239	https://www.youtube.com/watch?v=z84YVaS8Njc
The Sopwith Camel	Hello Hello	1967/01/07	26	10	63	65	964	https://www.youtube.com/watch?v=YjYsl__loTw
The Staple Singers	City In The Sky	1974/08/31	79	7	82	81	497	https://www.youtube.com/watch?v=r9IcjeSn3rQ
The Staple Singers	I'll Take You There	1972/07/01	1	15	12	12	46	https://www.youtube.com/watch?v=DHpoGK1aX5Y
The String-A-Longs	Wheels	1961/02/06, 1961/04/03, 1961/02/06	3, 3, 3	16, 16, 16	32, 12, 33	32, 12, 32	147, 318, 863	https://www.youtube.com/watch?v=zRiJFBPsR5Y
The Supremes	Floy Joy	1972/01/08	16	12	100	98	320	https://www.youtube.com/watch?v=twv90OrOBmI
The Supremes	Stoned Love	1970/11/07	7	14	61	61	649	https://www.youtube.com/watch?v=KXGabuGle1A
The Tee Set	Ma Belle Amie	1970/01/24	5	12	83	83	109	https://www.youtube.com/watch?v=xhFoAEujuj0
The Temptations	Ain't Too Proud To Beg	1966/08/20	13	13	41	42	468	https://www.youtube.com/watch?v=sDqJaBAPN6A
The Temptations	I Wish It Would Rain	1968/02/24	4	14	4	4	900	https://www.youtube.com/watch?v=Z-es4Q8AJaU
The Trammps	Disco Inferno	1977/03/12, 1977/04/16	11, 11	29, 29	80, 54	79, 53	546, 1016	https://www.youtube.com/watch?v=zcua9XzKVas
The Turtles	Happy Together	1967/04/22	1	15	2	2	1290	https://www.youtube.com/watch?v=mRCe5L1imxg
The Ventures	Perfidia	1960/11/07	15	13	44	44	926	https://www.youtube.com/watch?v=oAHvP3G5PIw
The Weather Girls	It's Raining Men	1983/01/29	46	11	80	78	651	https://www.youtube.com/watch?v=FvuCL8iDZ2Y
The Who	Happy Jack	1967/04/22	24	9	82	83	891	https://www.youtube.com/watch?v=h_qgrG_ZxEY
The Who	Pinball Wizard	1969/04/26	19	11	48	46	421	https://www.youtube.com/watch?v=288cvHTOn_k
The Yardbirds	Heart Full Of Soul	1965/07/31	9	12	86	86	579	https://www.youtube.com/watch?v=5kKJ2BRGA5s
The Yardbirds	Shapes Of Things	1966/05/28	11	11	36	36	990	https://www.youtube.com/watch?v=tOc-_GpfF1w
The Youngbloods	Get Together	1969/09/06, 1969/09/20	5, 5	25, 25	5, 8	5, 7	72, 1136	https://www.youtube.com/watch?v=deW7_D5qems
Tina Turner	Private Dancer	1985/05/11, 1985/03/09, 1985/04/27	7, 7, 7	18, 18, 18	78, 17, 65	80, 15, 64	524, 1098, 1183	https://www.youtube.com/watch?v=o0Sq-m5JiSI
Tina Turner	The Best	1989/11/04	15	14	14	15	348	https://www.youtube.com/watch?v=JDc4AX0vnUw
Tina Turner	We Don't Need Another Hero (Thunderdome)	1985/09/07	2	18	1	3	1031	https://www.youtube.com/watch?v=f8_Hhf82tBo
Tina Turner	What's Love Got To Do With It	1984/09/29	1	28	7	6	150	https://www.youtube.com/watch?v=oGpFcHTxjZs
Tina Turner	What You Get Is What You See	1987/03/07	13	14	33	32	1104	https://www.youtube.com/watch?v=e0GVixJvt-g
Todd Rundgren	A Dream Goes On Forever	1974/05/11	69	6	77	78	895	https://www.youtube.com/watch?v=YF9ZNo_ub-4
Todd Rundgren	Can We Still Be Friends	1978/09/02	29	15	91	93	1076	https://www.youtube.com/watch?v=jI_oBXzLNmw
Tom Jones	She's A Lady	1971/02/20, 1971/04/17	2, 2	14, 14	22,  4	24,  4	210, 260	https://www.youtube.com/watch?v=J1LkiYKwnAk
Tommy James	Crystal Blue Persuasion	1969/07/05	2	15	8	7	528	https://www.youtube.com/watch?v=XDl8ZPm3GrU
Tommy James	Mony Mony	1968/05/25	3	17	13	12	928	https://www.youtube.com/watch?v=u932L5z7aBg
Tom T. Hall	I Love	1973/12/29	12	16	58	57	606	https://www.youtube.com/watch?v=HF_VKwDZgm8
Tom T. Hall	The Year That Clayton Delaney Died	1971/10/23	42	12	40	42	1194	https://www.youtube.com/watch?v=1NSVOyhWnXM
Tracie Spencer	This House	1990/12/22	3	23	87	89	530	https://www.youtube.com/watch?v=CpicP0hDq-I
Tracy Chapman	Baby Can I Hold You	1989/01/14	48	12	52	52	747	https://www.youtube.com/watch?v=DqoLMGSBGYc
U2	With Or Without You	1987/06/27	1	18	38	38	681	https://www.youtube.com/watch?v=WZKnQRkWzLI
UB40	Red Red Wine	1984/04/07	1	40	33	34	83	https://www.youtube.com/watch?v=zXt56MB-3vc
UB40	The Way You Do The Things You Do	1990/09/29, 1990/10/06	6, 6	25, 25	79, 60	79, 61	139, 885	https://www.youtube.com/watch?v=J2RZPMo5jAs
Urban Dance Squad	Deeper Shade Of Soul	1991/02/16	21	18	27	28	339	https://www.youtube.com/watch?v=K4Dw6q-5iaA
Van Halen	When It's Love	1988/07/30	29	2	30	29	1281	https://www.youtube.com/watch?v=6xSEfUTNqLk
Village People	In The Navy	1979/05/12	3	18	4	5	306	https://www.youtube.com/watch?v=nmGuy0jievs
Wang Chung	Dance Hall Days	1984/08/25	16	22	69	71	886	https://www.youtube.com/watch?v=2rByTrIMNn8
Waylon Jennings	Are You Sure Hank Done It This Way	1975/10/11	60	9	71	70	1139	https://www.youtube.com/watch?v=5MktqJyC_ZE
Waylon Jennings	Theme From The Dukes Of Hazzard (Good Ol' Boys)	1980/09/20	21	23	87	86	802	https://www.youtube.com/watch?v=0LB8bX0OIqc
Wednesday	Last Kiss	1974/03/02, 1974/02/09	34, 34	18, 18	35, 42	34, 43	263, 362	https://www.youtube.com/watch?v=JRiAMe1zsQ0
Wham!	Wake Me Up Before You Go-Go	1984/10/27	1	24	6	6	542	https://www.youtube.com/watch?v=pIgZ7gMze7A
Whitesnake	Here I Go Again	1987/09/26	1	28	1	2	300	https://www.youtube.com/watch?v=WyF8RHM1OCg
Wild Cherry	Play That Funky Music	1976/07/24	1	25	47	47	1014	https://www.youtube.com/watch?v=MDZsNksbw2Q
Willie Mitchell	20-75	1964/10/31	31	10	40	40	1247	https://www.youtube.com/watch?v=G0oKBxtloxk
Willie Nelson	Blue Eyes Crying In The Rain	1975/11/01	21	18	28	29	126	https://www.youtube.com/watch?v=JA644rSZX1A
Wilson Phillips	Hold On	1990/04/14, 1990/03/31, 1990/05/26	1, 1, 1	25, 25, 25	23, 44,  4	25, 43,  4	385, 628, 911	https://www.youtube.com/watch?v=uIbXvaE39wM
Wilson Pickett	Don't Knock My Love - Pt. 1	1971/06/05	13	12	20	20	677	https://www.youtube.com/watch?v=aZ0lwNceywE
Wilson Pickett	I Found A True Love	1968/10/05	42	7	50	49	943	https://www.youtube.com/watch?v=HP3tSZxIeA8
Wilson Pickett	I'm In Love	1967/12/02	45	10	83	82	1221	https://www.youtube.com/watch?v=N5Kj8gq9Ddk
Wilson Pickett	In The Midnight Hour	1965/07/10	21	12	85	83	1018	https://www.youtube.com/watch?v=rixhkdO_IdU
Wilson Pickett	Soul Dance Number Three	1967/07/01	55	5	60	60	1021	https://www.youtube.com/watch?v=36HmaHpPSeM
Yaz	Situation	1982/10/16	73	8	74	73	594	https://www.youtube.com/watch?v=MUijJbEyMiI
Young MC	Bust A Move	1990/04/07	7	39	76	74	1106	https://www.youtube.com/watch?v=xy4FXhkm6Nw
Yvonne Elliman	If I Can't Have You	1978/03/04	1	22	30	29	34	https://www.youtube.com/watch?v=CZVUzho-nok
ZZ Top	La Grange	1974/06/29	41	19	43	41	140	https://www.youtube.com/watch?v=z-qqHDZe3C4
