Filename	Artist	Title	Chart Date	Peak Position	Weeks on Chart	Target Rank	Actual Rank	Sample ID#
PetShopBoys_WhereTheStreetsHaveNoName_1991	Pet Shop Boys	Where The Streets Have No Name	1991/06/08, 1991/06/29	72, 72	7, 7	76, 84	76, 83	382, 1300
AaronNeville_TellItLikeItIs_1966	Aaron Neville	Tell It Like It Is	1966/12/10	2	14	52	51	691
ABBA_Chiquitita_1979	ABBA	Chiquitita	1979/12/15	29	12	34	35	183
ABBA_Fernando_1976	ABBA	Fernando	1976/10/09	13	16	26	24	218
ABBA_HoneyHoney_1974	ABBA	Honey, Honey	1974/09/21	27	10	73	72	902
ABBA_KnowingMeKnowingYou_1977	ABBA	Knowing Me, Knowing You	1977/07/02	14	15	23	24	231
ABBA_OnAndOnAndOn_1981	ABBA	On And On And On	1981/07/04	90	6	91	91	894
ABBA_TakeAChanceOnMe_1978	ABBA	Take A Chance On Me	1978/05/06	3	18	32	30	961
Aerosmith_LastChild_1976	Aerosmith	Last Child	1976/08/07	21	15	21	21	15
Alabama_TakeMeDown_1982	Alabama	Take Me Down	1982/07/17	18	13	19	18	1082
AlanODay_UndercoverAngel_1977	Alan O'Day	Undercover Angel	1977/08/27	1	25	31	31	367
AlGreen_OhMeOhMy_1975	Al Green	Oh Me, Oh My (Dreams In My Arms)	1975/07/19	48	6	59	59	573
AliceCooper_HeyStoopid_1991	Alice Cooper	Hey Stoopid	1991/07/27	78	5	99	99	599
AliceCooper_SchoolsOut_1972	Alice Cooper	School's Out	1972/07/29	7	13	8	7	195
AndyGibb_ShadowDancing_1978	Andy Gibb	Shadow Dancing	1978/09/30, 1978/09/02	1, 1	25, 25	96, 52	96, 50	193, 737
AnitaBaker_CaughtUpInTheRapture_1987	Anita Baker	Caught Up In The Rapture	1987/03/21, 1987/02/28	37, 37	18, 18	85, 56	85, 56	647, 709
AnitaBaker_GivingYouTheBestThatIGot_1989	Anita Baker	Giving You The Best That I Got	1989/01/21	3	22	27	27	578
AnitaBaker_SweetLove_1986	Anita Baker	Sweet Love	1986/09/13	8	22	37	35	837
AnneMurray_CouldIHaveThisDance_1980	Anne Murray	Could I Have This Dance	1980/10/11	33	14	40	41	199
AnneMurray_DaydreamBeliever_1980	Anne Murray	Daydream Believer	1980/04/12, 1980/01/05	12, 12	17, 17	69, 56	69, 56	312, 475
AnneMurray_LoveSong_1974	Anne Murray	Love Song	1974/01/05	12	17	62	60	917
AnnPeebles_ICantStandTheRain_1973	Ann Peebles	I Can't Stand The Rain	1973/09/22	38	21	68	70	377
ArethaFranklin_ChainOfFools_1967	Aretha Franklin	Chain Of Fools	1967/12/23	2	12	16	17	418
ArethaFranklin_INeverLovedAMan_1967	Aretha Franklin	I Never Loved A Man (The Way I Love You)	1967/05/13	9	11	32	32	403
ArethaFranklin_OhMeOhMy_1972	Aretha Franklin	Oh Me Oh My (I'm A Fool For You Baby)	1972/01/22	73	4	75	75	1042
ArthurConley_SweetSoulMusic_1967	Arthur Conley	Sweet Soul Music	1967/03/25	2	15	45	45	965
ATasteOfHoney_Sukiyaki_1981	A Taste Of Honey	Sukiyaki	1981/04/25	3	24	31	30	1286
BachmanTurnerOverdrive_Heartaches_1979	Bachman-Turner Overdrive	Heartaches	1979/03/10	60	7	81	82	699
BachmanTurnerOverdrive_RollOnDownTheHighway_1975	Bachman-Turner Overdrive	Roll On Down The Highway	1975/01/25	14	11	55	55	351
BadCompany_RockNRollFantasy_1979	Bad Company	Rock 'N' Roll Fantasy	1979/07/07	13	20	41	41	27
Badfinger_MaybeTomorrow_1969	Badfinger	Maybe Tomorrow	1969/03/15	67	6	67	67	723
Baltimora_TarzanBoy_1986	Baltimora	Tarzan Boy (from the film Teenage Mutant Ninja Turtles III)	1986/01/18, 1985/12/21	13, 13	38, 38	39, 54	38, 52	572, 600
Bananarama_ATrickOfTheNight_1987	Bananarama	A Trick Of The Night	1987/01/31	76	7	88	86	99
Bananarama_Venus_1986	Bananarama	Venus	1986/11/01	1	19	97	99	981
BarbaraLewis_HelloStranger_1963	Barbara Lewis	Hello Stranger	1963/07/06	3	14	4	4	984
BarbraStreisand_FunnyGirl_1964	Barbra Streisand	Funny Girl	1964/10/10	44	9	47	45	1118
BarbraStreisand_People_1964	Barbra Streisand	People	1964/08/08	5	19	36	36	49
BarryWhite_YoureTheFirstTheLastMyEverything_1974	Barry White	You're The First, The Last, My Everything	1974/11/23	2	15	29	27	796
BayCityRollers_SaturdayNight_1975	Bay City Rollers	Saturday Night	1975/12/13	1	17	5	5	1228
BBKing_HowBlueCanYouGet_1964	B.B. King	How Blue Can You Get	1964/03/28	97	2	96	97	510
BBKing_TheThrillIsGone_1970	B.B. King	The Thrill Is Gone	1970/03/28	15	14	45	44	605
BeastieBoys_BrassMonkey_1987	Beastie Boys	Brass Monkey	1987/04/25	48	10	47	48	634
BenEKing_Amor_1961	Ben E. King	Amor	1961/08/07	18	10	57	58	583
BerthaTillman_OhMyAngel_1962	Bertha Tillman	Oh My Angel	1962/06/09	61	9	61	61	511
BetteMidler_TheRose_1980	Bette Midler	The Rose	1980/08/02, 1980/07/05	3, 3	25, 25	15,  3	16,  3	6, 1271
BillWithers_AintNoSunshine_1971	Bill Withers	Ain't No Sunshine	1971/08/21	3	16	24	23	1058
BillWithers_LovelyDay_1978	Bill Withers	Lovely Day	1978/02/25	30	12	77	79	823
BillyIdol_CatchMyFall_1985	Billy Idol	Catch My Fall	1985/01/12	50	11	90	88	794
BillyIdol_FleshForFantasy_1984	Billy Idol	Flesh For Fantasy	1984/09/15	29	12	39	39	464
BillyIdol_HotInTheCity_1982	Billy Idol	Hot In The City	1982/09/25	23	27	23	23	920
BillyIdol_RebelYell_1984	Billy Idol	Rebel Yell	1984/04/07	46	14	61	61	1167
BillyIdol_WhiteWedding_1983	Billy Idol	White Wedding	1983/07/23, 1983/07/02	36, 36	13, 13	54, 34	55, 36	701, 1296
BillyJoel_AnInnocentMan_1984	Billy Joel	An Innocent Man	1984/03/24	10	18	49	51	10
BillyJoel_DontAskMeWhy_1980	Billy Joel	Don't Ask Me Why	1980/10/18	19	15	58	57	969
BillyJoel_JustTheWayYouAre_1978	Billy Joel	Just The Way You Are	1978/01/14, 1978/04/29	3, 3	27, 27	14, 91	16, 92	240, 295
BillyJoel_Pressure_1983	Billy Joel	Pressure	1983/01/15	20	17	94	93	205
BillyPreston_WithYouImBornAgain_1979	Billy Preston	With You I'm Born Again	1979/12/22	4	29	93	92	540
BillySquier_DontSayYouLoveMe_1989	Billy Squier	Don't Say You Love Me	1989/07/15	58	15	65	64	452
BillySquier_MyKindaLover_1982	Billy Squier	My Kinda Lover	1982/01/09	45	10	46	46	1051
BillySquier_TheStroke_1981	Billy Squier	The Stroke	1981/05/16	17	20	82	84	963
BillySwan_ICanHelp_1974	Billy Swan	I Can Help	1974/09/28, 1974/11/30	1, 1	18, 18	88,  1	90,  1	601, 1093
BingCrosby_SilentNight_1960	Bing Crosby	Silent Night	1960/12/19	54	2	64	64	123
BingCrosby_WhiteChristmas_1962	Bing Crosby	White Christmas	1962/12/29	12	13	40	38	241
BizMarkie_JustAFriend_1990	Biz Markie	Just A Friend	1990/02/10	9	22	28	29	827
BJThomas_HookedOnAFeeling_1968	B.J. Thomas	Hooked On A Feeling	1968/12/14	5	16	22	23	1048
Blondie_IslandOfLostSouls_1982	Blondie	Island Of Lost Souls	1982/07/31	37	10	96	95	1203
Blondie_OneWayOrAnother_1979	Blondie	One Way Or Another	1979/06/16	24	14	48	47	743
BlueCheer_SummertimeBlues_1968	Blue Cheer	Summertime Blues	1968/05/25	14	13	32	33	1170
BobbieGentry_OdeToBillieJoe_1976	Bobbie Gentry	Ode To Billie Joe	1976/07/24	1	20	75	77	1168
BobbiMartin_ILoveYouSo_1965	Bobbi Martin	I Love You So	1965/06/19	70	7	72	74	56
BobbyBare_DetroitCity_1963	Bobby Bare	Detroit City	1963/07/20	16	12	24	24	133
BobbyDarin_IfIWereACarpenter_1966	Bobby Darin	If I Were A Carpenter	1966/10/01	8	11	51	51	1265
BobbyWomack_SweetCaroline_1972	Bobby Womack	Sweet Caroline (Good Times Never Seemed So Good)	1972/09/09	51	9	63	63	915
BobbyWomack_ThatsTheWayIFeelAboutCha_1971	Bobby Womack	That's The Way I Feel About Cha	1971/12/18	27	13	72	71	297
BobDylan_GottaServeSomebody_1979	Bob Dylan	Gotta Serve Somebody	1979/10/06	24	12	41	39	282
BobSeger_AgainstTheWind_1980	Bob Seger	Against The Wind	1980/07/05	5	17	6	6	1177
BobSeger_AmericanStorm_1986	Bob Seger	American Storm	1986/05/24	13	14	37	36	1277
BobSeger_EvenNow_1983	Bob Seger	Even Now	1983/03/19	12	12	52	50	1208
BobSeger_LikeARock_1986	Bob Seger	Like A Rock	1986/08/16	12	13	93	91	941
BobSeger_NightMoves_1977	Bob Seger	Night Moves	1977/03/19	4	21	4	4	1171
BobSeger_OldTimeRockAndRoll_1979	Bob Seger	Old Time Rock & Roll	1979/05/19	28	18	32	30	249
BobSeger_RockAndRollNeverForgets_1977	Bob Seger	Rock And Roll Never Forgets	1977/08/06	41	8	44	43	1071
BobSeger_TryinToLiveMyLifeWithoutYou_1981	Bob Seger	Tryin' To Live My Life Without You	1981/10/24	5	19	11	11	830
BoDiddley_YouCantJudgeABookByTheCover_1962	Bo Diddley	You Can't Judge A Book By The Cover	1962/09/01	48	10	67	66	179
BonniePointer_HeavenMustHaveSentYou_1979	Bonnie Pointer	Heaven Must Have Sent You	1979/11/03	11	23	29	28	1232
BonnieRaitt_NickOfTime_1990	Bonnie Raitt	Nick Of Time	1990/05/26	92	3	91	92	627
Boston_Amanda_1986	Boston	Amanda	1986/12/13	1	18	24	24	1234
Boston_FeelinSatisfied_1979	Boston	Feelin' Satisfied	1979/03/31	46	7	66	65	952
BoyzIIMen_Motownphilly_1991	Boyz II Men	Motownphilly	1991/08/10	3	24	14	14	97
Bread_If_1971	Bread	If	1971/06/05, 1971/06/05	4, 4	12, 12	18, 17	18, 18	106, 988
Bread_SweetSurrender_1972	Bread	Sweet Surrender	1972/11/11	15	11	55	55	847
BrendaLee_AllAloneAmI_1962	Brenda Lee	All Alone Am I	1962/10/20	3	15	15	15	1253
BrendaLee_AsUsual_1964	Brenda Lee	As Usual	1964/02/15, 1964/01/04	12, 12	11, 11	32, 15	34, 14	288, 471
BrendaLee_ComingOnStrong_1966	Brenda Lee	Coming On Strong	1966/10/29	11	13	29	31	968
BrendaLee_DumDum_1961	Brenda Lee	Dum Dum	1961/07/03	4	12	21	20	356
BrendaLee_EverybodyLovesMeButYou_1962	Brenda Lee	Everybody Loves Me But You	1962/06/16	6	11	21	21	790
BrendaLee_HeartInHand_1962	Brenda Lee	Heart In Hand	1962/07/07	15	8	65	65	484
BrendaLee_LosingYou_1963	Brenda Lee	Losing You	1963/06/29	6	13	40	41	371
BrendaLee_SweetNothins_1960	Brenda Lee	Sweet Nothin's	1960/01/04	4	24	77	79	162
BrendaLee_TooManyRivers_1965	Brenda Lee	Too Many Rivers	1965/06/05	13	13	76	78	696
BrotherJackMcDuff_ThemeFromElectricSurfboard_1969	Brother Jack McDuff	Theme From Electric Surfboard	1969/12/27	95	2	97	95	251
BrownsvilleStation_SmokinInTheBoysRoom_1973	Brownsville Station	Smokin' In The Boy's Room	1973/11/03, 1973/11/24	3, 3	19, 19	95, 49	93, 51	256, 755
BruceChannel_HeyBaby_1962	Bruce Channel	Hey! Baby	1962/04/28	1	14	40	40	789
BruceSpringsteen_ImGoinDown_1985	Bruce Springsteen	I'm Goin' Down	1985/11/09	9	13	32	32	426
BruceSpringsteen_MyHometown_1985	Bruce Springsteen	My Hometown	1985/12/14	6	15	44	44	1066
BuckOwens_IveGotATigerByTheTail_1965	Buck Owens	I've Got A Tiger By The Tail	1965/01/23	25	9	84	85	1225
BuckOwens_ThinkOfMe_1966	Buck Owens	Think Of Me	1966/05/28	74	5	99	99	1154
CandiStaton_YoungHeartsRunFree_1976	Candi Staton	Young Hearts Run Free	1976/06/26, 1976/08/21	20, 20	16, 16	38, 20	40, 20	390, 522
CannedHeat_LetsWorkTogether_1970	Canned Heat	Let's Work Together	1970/10/10	26	11	85	84	577
CannedHeat_OnTheRoadAgain_1968	Canned Heat	On The Road Again	1968/08/24	16	11	70	72	688
CarlCarlton_EverlastingLove_1974	Carl Carlton	Everlasting Love	1974/12/21	6	15	50	49	607
CharlieRich_AVerySpecialLoveSong_1974	Charlie Rich	A Very Special Love Song	1974/03/02	11	14	50	51	779
CharlieRich_BehindClosedDoors_1973	Charlie Rich	Behind Closed Doors	1973/06/30	15	19	20	20	1218
CharlieRich_LonelyWeekends_1960	Charlie Rich	Lonely Weekends	1960/07/11, 1960/06/27	22, 22	21, 21	66, 34	65, 34	1113, 1123
CheapTrick_DreamPolice_1979	Cheap Trick	Dream Police	1979/11/10, 1979/11/17	26, 26	10, 10	28, 27	29, 27	317, 323
CheapTrick_IWantYouToWantMe_1979	Cheap Trick	I Want You To Want Me	1979/07/28	7	19	7	7	188
CheapTrick_StopThisGame_1980	Cheap Trick	Stop This Game	1980/12/06	48	12	48	48	539
CheapTrick_Surrender_1978	Cheap Trick	Surrender	1978/08/12, 1978/09/09	62, 62	8, 8	70, 90	69, 92	555, 1022
Cher_IfICouldTurnBackTime_1989	Cher	If I Could Turn Back Time	1989/11/11	3	23	45	47	843
Cher_JustLikeJesseJames_1989	Cher	Just Like Jesse James	1989/12/30	8	18	7	8	821
Chicago_25Or6To4_1970	Chicago	25 Or 6 To 4	1970/08/08, 1970/08/29, 1970/09/05	4, 4, 4	20, 20, 20	26, 10,  5	27, 10,  6	176, 292, 1227
Chicago_AliveAgain_1978	Chicago	Alive Again	1978/11/18	14	13	17	17	1240
Chicago_AlongComesAWoman_1985	Chicago	Along Comes A Woman	1985/03/16, 1985/05/11, 1985/04/20	14, 14, 14	16, 16, 16	36, 34, 16	36, 34, 14	198, 574, 776
Chicago_AnotherRainyDayInNewYorkCity_1976	Chicago	Another Rainy Day In New York City	1976/08/21	32	9	65	67	208
Chicago_DoesAnybodyReallyKnowWhatTimeItIs_1970	Chicago	Does Anybody Really Know What Time It Is?	1970/11/07	7	13	74	72	700
Chicago_FeelinStrongerEveryDay_1973	Chicago	Feelin' Stronger Every Day	1973/08/25, 1973/08/11	10, 10	16, 16	9, 11	11, 11	366, 684
Chicago_MakeMeSmile_1970	Chicago	Make Me Smile	1970/06/06	9	14	9	9	1085
Chicago_OldDays_1975	Chicago	Old Days	1975/05/03	5	11	43	43	445
ChicoDeBarge_TalkToMe_1987	Chico DeBarge	Talk To Me	1987/02/07	21	20	23	23	590
ChrisKenner_LandOf1000Dances_1963	Chris Kenner	Land Of 1000 Dances	1963/08/17	77	7	99	98	1111
ChubbyChecker_TheTwist_1962	Chubby Checker	The Twist	1962/03/17, 1962/03/24	1, 1	38, 38	25, 31	24, 32	948, 1103
ChuckBerry_AlmostGrown_1959	Chuck Berry	Almost Grown	1959/06/01	32	12	38	40	792
ChuckBerry_ReelinAndRockin_1972	Chuck Berry	Reelin' & Rockin'	1972/12/09	27	13	79	77	1110
ChuckBerry_SweetLittleRockAndRoll_1958	Chuck Berry	Sweet Little Rock And Roll	1958/12/29	47	9	52	52	115
ClarenceCarter_Patches_1970	Clarence Carter	Patches	1970/10/17	4	14	25	24	276
ClarenceCarter_TooWeakToFight_1968	Clarence Carter	Too Weak To Fight	1968/12/07, 1969/02/01	13, 13	15, 15	30, 33	28, 33	585, 765
CliffRichard_Carrie_1980	Cliff Richard	Carrie	1980/03/08, 1980/03/15	34, 34	11, 11	66, 58	66, 59	51, 1222
CliffRichard_DaddysHome_1982	Cliff Richard	Daddy's Home	1982/03/27	23	13	34	34	1161
CliffRichard_DevilWoman_1976	Cliff Richard	Devil Woman	1976/08/07	6	22	42	42	1073
CliffRichard_LivingDoll_1959	Cliff Richard	Living Doll	1959/10/12	30	13	48	46	740
CliffRichard_WeDontTalkAnymore_1979	Cliff Richard	We Don't Talk Anymore	1979/11/10	7	20	48	47	1273
ColorMeBadd_IAdoreMiAmor_1991	Color Me Badd	I Adore Mi Amor	1991/08/24	1	20	19	18	476
Commodores_Easy_1977	Commodores	Easy	1977/09/17, 1977/10/22	4, 4	22, 22	17, 95	17, 95	341, 1157
Commodores_Lady_1981	Commodores	Lady (You Bring Me Up)	1981/07/11	8	22	36	35	716
Commodores_Nightshift_1985	Commodores	Nightshift	1985/05/18	3	22	22	24	992
Commodores_Still_1980	Commodores	Still	1980/01/19	1	20	22	22	507
Commodores_ThreeTimesALady_1978	Commodores	Three Times A Lady	1978/09/02	1	20	1	2	1201
CoreyHart_InYourSoul_1988	Corey Hart	In Your Soul	1988/07/02, 1988/08/13	38, 38	10, 10	56, 89	56, 90	469, 657
CorneliusBrothersAndSisterRose_TreatHerLikeALady_1971	Cornelius Brothers & Sister Rose	Treat Her Like A Lady	1971/05/08, 1971/06/12	3, 3	18, 18	44,  8	45,  8	932, 1280
CountBasie_GoingToChicagoBlues_1958	Count Basie	Going To Chicago Blues	1958/08/18	100	1	99	100	1149
Cream_SunshineOfYourLove_1968	Cream	Sunshine Of Your Love	1968/03/30	5	26	60	60	114
CreedenceClearwaterRevival_BadMoonRising_1969	Creedence Clearwater Revival	Bad Moon Rising	1969/05/03	2	14	82	80	852
CreedenceClearwaterRevival_IPutASpellOnYou_1968	Creedence Clearwater Revival	I Put A Spell On You	1968/11/16	58	9	95	96	61
CrosbyStillsAndNash_GotItMade_1989	Crosby, Stills & Nash	Got It Made	1989/03/11	69	8	83	81	451
CrosbyStillsAndNash_SouthernCross_1982	Crosby, Stills & Nash	Southern Cross	1982/10/09	18	17	36	36	589
CrosbyStillsAndNash_SuiteJudyBlueEyes_1969	Crosby, Stills & Nash	Judy Blue Eyes	1969/10/18	21	12	64	64	518
CrosbyStillsAndNash_TeachYourChildren_1970	Crosby, Stills & Nash	Teach Your Children	1970/08/15	16	11	35	33	905
CultureClub_IllTumble4Ya_1983	Culture Club	I'll Tumble 4 Ya	1983/07/23	9	16	28	29	1223
CultureClub_KarmaChameleon_1984	Culture Club	Karma Chameleon	1984/04/28	1	22	99	97	979
CyndiLauper_AllThroughTheNight_1984	Cyndi Lauper	All Through The Night	1984/11/03, 1984/11/10, 1984/12/15	5, 5, 5	19, 19, 19	21, 14, 11	20, 12, 10	309, 769, 1084
CyndiLauper_IDroveAllNight_1989	Cyndi Lauper	I Drove All Night	1989/07/29	6	15	46	44	1011
CyndiLauper_SheBop_1984	Cyndi Lauper	She Bop	1984/07/28, 1984/10/06	3, 3	18, 18	37,  5	39,  5	16, 1274
CyndiLauper_TheGooniesRGoodEnough_1985	Cyndi Lauper	The Goonies R Good Enough	1985/06/22	10	15	17	19	401
CyndiLauper_TrueColors_1986	Cyndi Lauper	True Colors	1986/09/13	1	20	38	40	803
DarylHallAndJohnOates_KissOnMyList_1981	Daryl Hall & John Oates	Kiss On My List	1981/01/31	1	23	56	55	18
DarylHallAndJohnOates_Maneater_1983	Daryl Hall & John Oates	Maneater	1983/03/05	1	23	72	71	633
DarylHallAndJohnOates_RichGirl_1977	Daryl Hall & John Oates	Rich Girl	1977/05/07	1	20	31	30	485
DarylHallAndJohnOates_SaraSmile_1976	Daryl Hall & John Oates	Sara Smile	1976/04/17	4	28	31	29	708
DaveDudley_SixDaysOnTheRoad_1963	Dave Dudley	Six Days On The Road	1963/06/15	32	11	76	75	570
DavidBowie_BlueJean_1984	David Bowie	Blue Jean	1984/11/10	8	18	8	8	818
DavidBowie_GoldenYears_1976	David Bowie	Golden Years	1976/01/24	10	21	34	33	415
DavidBowie_ModernLove_1983	David Bowie	Modern Love	1983/12/10	14	13	92	94	970
DavidBowie_SpaceOddity_1973	David Bowie	Space Oddity	1973/04/21	15	14	22	21	86
DavidCrosbyAndGrahamNash_CarryMe_1975	David Crosby & Graham Nash	Carry Me	1975/12/06	52	6	52	52	1124
DavidRuffinAndJimmyRuffin_StandByMe_1970	David Ruffin & Jimmy Ruffin	Stand By Me	1970/11/28	61	7	61	61	119
DeanMartin_EverybodyLovesSomebody_1964	Dean Martin	Everybody Loves Somebody	1964/07/04	1	15	47	46	618
DeanMartin_IWill_1965	Dean Martin	I Will	1965/11/13	10	10	38	39	734
Debarge_TimeWillReveal_1984	Debarge	Time Will Reveal	1984/02/11	18	18	45	44	1013
DeLaSoul_MeMyselfAndI_1989	De La Soul	Me Myself And I	1989/09/09	34	17	99	99	887
DepecheMode_WorldInMyEyes_1990	Depeche Mode	World In My Eyes	1990/12/22, 1990/11/24	52, 52	10, 10	54, 70	52, 71	442, 757
DianaRoss_UpsideDown_1980	Diana Ross	Upside Down	1980/12/20	1	29	68	68	1285
DigitalUnderground_TheHumptyDance_1990	Digital Underground	The Humpty Dance	1990/04/28, 1990/04/28, 1990/08/11	11, 11, 11	23, 23, 23	24, 25, 86	26, 26, 85	304, 378, 521
DinahWashington_Unforgettable_1959	Dinah Washington	Unforgettable	1959/11/02	17	13	30	29	192
DinahWashington_WhereAreYou_1962	Dinah Washington	Where Are You	1962/06/23, 1962/06/16	36, 36	10, 10	34, 46	36, 46	722, 1099
Dion_AbrahamMartinAndJohn_1968	Dion	Abraham, Martin And John	1968/11/16	4	14	10	9	1146
Dion_BornToCry_1962	Dion	(I was) Born To Cry	1962/04/28	42	7	70	71	1101
Dion_LoveCameToMe_1962	Dion	Love Came To Me	1962/12/22, 1963/01/19	10, 10	11, 11	10, 36	10, 37	253, 1152
Dion_LoversWhoWander_1962	Dion	Lovers Who Wander	1962/04/21	3	12	86	86	1210
Dion_RubyBaby_1963	Dion	Ruby Baby	1963/02/09	2	13	6	7	439
Dion_RunaroundSue_1961	Dion	Runaround Sue	1961/12/18	1	14	22	20	145
Dion_ThisLittleGirl_1963	Dion	This Little Girl	1963/06/08	21	8	40	39	1063
Dion_WhereOrWhen_1960	Dion	Where Or When	1960/03/07, 1960/03/14	3, 3	16, 16	15, 18	15, 17	434, 816
DollyParton_BabyImBurnin_1979	Dolly Parton	Baby I'm Burnin'	1979/01/27, 1978/12/09	25, 25	14, 14	31, 87	31, 88	559, 987
DollyParton_StartingOverAgain_1980	Dolly Parton	Starting Over Again	1980/05/17	36	10	37	36	944
DonGibson_SeaOfHeartbreak_1961	Don Gibson	Sea Of Heartbreak	1961/06/19	21	14	96	95	169
DonnaFargo_Superman_1973	Donna Fargo	Superman	1973/02/24, 1973/02/24	41, 41	9, 9	73, 71	73, 73	358, 874
DonnaSummer_LastDance_1978	Donna Summer	Last Dance	1978/07/01, 1978/09/23, 1978/05/20	3, 3, 3	21, 21, 21	17, 99, 77	17, 98, 75	501, 1217, 1242
Donovan_SunshineSuperman_1966	Donovan	Sunshine Superman	1966/08/13	1	13	19	20	383
DottieWest_ALessonInLeavin_1980	Dottie West	A Lesson In Leavin'	1980/03/08	73	5	85	85	101
DoubleExposure_TenPercent_1976	Double Exposure	Ten Percent	1976/06/19	54	9	87	88	1164
DrHook_IfNotYou_1977	Dr. Hook	If Not You	1977/01/15	55	11	96	97	914
DrHook_OnlySixteen_1976	Dr. Hook	Only Sixteen	1976/01/24	6	22	54	53	1190
DrHook_SexyEyes_1980	Dr. Hook	Sexy Eyes	1980/03/08	5	21	48	48	831
DrHook_TheMillionaire_1975	Dr. Hook	The Millionaire	1975/09/06	95	5	93	95	1009
DrHook_WalkRightIn_1977	Dr. Hook	Walk Right In	1977/07/09	46	10	62	63	761
DrHook_YearsFromNow_1980	Dr. Hook	Years From Now	1980/08/16	51	9	79	79	656
DrJohn_RightPlaceWrongTime_1973	Dr. John	Right Place Wrong Time	1973/06/16	9	20	13	11	483
DuranDuran_AllSheWantsIs_1989	Duran Duran	All She Wants Is	1989/03/04, 1989/02/18	22, 22	13, 13	42, 21	43, 22	592, 1226
DuranDuran_IDontWantYourLove_1989	Duran Duran	I Don't Want Your Love	1989/01/28	4	16	84	85	1148
DuranDuran_IsThereSomethingIShouldKnow_1983	Duran Duran	Is There Something I Should Know	1983/09/10	4	17	46	45	1043
EarthWindAndFire_AfterTheLoveHasGone_1979	Earth, Wind & Fire	After The Love Has Gone	1979/09/08, 1979/07/28	2, 2	17, 17	3, 32	3, 31	1056, 1097
EarthWindAndFire_Getaway_1976	Earth, Wind & Fire	Getaway	1976/09/25	12	19	16	15	735
EarthWindAndFire_September_1979	Earth, Wind & Fire	September	1979/01/06	8	17	16	15	804
EddieHolland_Jamie_1962	Eddie Holland	Jamie	1962/02/03	30	11	92	94	1046
EddieRabbitt_ILoveARainyNight_1981	Eddie Rabbitt	I Love A Rainy Night	1981/03/21	1	28	9	9	1143
EdgarWinter_Frankenstein_1973	Edgar Winter	Frankenstein	1973/03/17	1	20	96	97	1268
EdwinStarr_War_1970	Edwin Starr	War	1970/07/25	1	15	24	25	893
EltonJohn_GoodbyeYellowBrickRoad_1973	Elton John	Goodbye Yellow Brick Road	1973/11/03	2	17	38	40	842
EltonJohn_Levon_1971	Elton John	Levon	1971/12/25	24	10	58	57	752
EltonJohn_PhiladelphiaFreedom_1975	Elton John	Philadelphia Freedom	1975/04/05	1	21	2	2	354
EltonJohn_TheBitchIsBack_1974	Elton John	The Bitch Is Back	1974/12/07	4	14	79	78	991
EltonJohn_WhoWearsTheseShoes_1984	Elton John	Who Wears These Shoes?	1984/11/17	16	14	36	35	1269
ElvisPresley_AskMe_1964	Elvis Presley	Ask Me	1964/11/14, 1964/12/05	12, 12	12, 12	23, 11	22, 12	658, 766
ElvisPresley_ForOlTimesSake_1973	Elvis Presley	For Ol' Times Sake	1973/11/10, 1973/09/29, 1973/09/22	41, 41, 41	9, 9, 9	49, 58, 81	49, 58, 81	222, 508, 1235
ElvisPresley_GuitarMan_1968	Elvis Presley	Guitar Man	1968/01/27	28	20	84	83	289
ElvisPresley_HisLatestFlame_1961	Elvis Presley	(Marie's the Name) His Latest Flame	1961/09/04, 1961/09/04	4, 4	11, 11	31, 30	32, 32	617, 730
ElvisPresley_IfICanDream_1968	Elvis Presley	If I Can Dream	1968/12/28	12	13	31	30	543
ElvisPresley_IReallyDontWantToKnow_1970	Elvis Presley	I Really Don't Want To Know	1970/12/26, 1971/01/09	21, 21	9, 9	57, 31	56, 29	0386, 0444
ElvisPresley_Judy_1967	Elvis Presley	Judy	1967/09/09, 1967/09/16	78, 78	5, 5	87, 89	89, 88	565, 923
ElvisPresley_LittleSister_1961	Elvis Presley	Little Sister	1961/10/30	5	13	35	34	159
ElvisPresley_MyBoy_1975	Elvis Presley	My Boy	1975/03/29	20	11	58	57	326
ElvisPresley_MyWay_1978	Elvis Presley	My Way	1978/01/21	22	12	64	65	793
ElvisPresley_MyWishCameTrue_1959	Elvis Presley	My Wish Came True	1959/09/21	12	11	50	49	1055
ElvisPresley_OneNight_1959	Elvis Presley	One Night	1959/01/19	4	17	14	13	399
ElvisPresley_SheThinksIStillCare_1977	Elvis Presley	She Thinks I Still Care	1977/02/05	31	13	39	39	875
ElvisPresley_ThereGoesMyEverything_1971	Elvis Presley	There Goes My Everything	1971/01/16	21	9	27	25	993
EmersonLakeAndPalmer_LuckyMan_1971	Emerson, Lake & Palmer	Lucky Man	1971/03/27	48	19	66	68	1180
EngelbertHumperdinck_AfterTheLovin_1977	Engelbert Humperdinck	After The Lovin'	1977/02/19, 1977/02/05	8, 8	19, 19	33, 25	33, 24	506, 636
EricCarmen_HungryEyes_1988	Eric Carmen	Hungry Eyes (from the film Dirty Dancing)	1988/03/05	4	24	12	11	791
EricCarmen_Sunrise_1976	Eric Carmen	Sunrise	1976/08/28	34	10	67	66	655
EricClapton_ForeverMan_1985	Eric Clapton	Forever Man	1985/04/20	26	12	28	27	155
EricClapton_ICantStandIt_1981	Eric Clapton	I Can't Stand It	1981/04/25	10	17	11	11	898
EricClapton_LayDownSally_1978	Eric Clapton	Lay Down Sally	1978/05/20	3	23	24	24	1040
EricClapton_LetItRain_1972	Eric Clapton	Let It Rain	1972/12/02	48	13	48	48	116
EricClapton_Promises_1978	Eric Clapton	Promises	1978/12/23, 1978/12/23	9, 9	18, 18	14, 13	13, 13	124, 916
EricClapton_WillieAndTheHandJive_1974	Eric Clapton	Willie And The Hand Jive	1974/12/21	26	9	38	36	194
EttaJames_FoolThatIAm_1961	Etta James	Fool That I Am	1961/07/03, 1961/07/10	50, 50	6, 6	51, 56	50, 54	515, 562
EttaJames_StopTheWedding_1962	Etta James	Stop The Wedding	1962/08/25	34	8	44	44	127
EttaJames_WouldItMakeAnyDifferenceToYou_1963	Etta James	Would It Make Any Difference To You	1963/01/12	64	7	81	79	726
EvelynChampagneKing_ImInLove_1981	Evelyn Champagne King	I'm In Love	1981/08/15	40	14	62	61	482
FatsDomino_BeMyGuest_1959	Fats Domino	Be My Guest	1959/11/16	8	14	17	17	1072
FatsDomino_IWantToWalkYouHome_1959	Fats Domino	I Want To Walk You Home	1959/10/19	8	13	33	33	773
Firehouse_DontTreatMeBad_1991	Firehouse	Don't Treat Me Bad	1991/08/03, 1991/03/09	19, 19	23, 23	90, 85	88, 86	258, 349
FiveManElectricalBand_AbsolutelyRight_1971	Five Man Electrical Band	Absolutely Right	1971/11/06	26	8	28	27	41
FlattAndScruggs_FoggyMountainBreakdown_1968	Flatt & Scruggs	Foggy Mountain Breakdown	1968/04/13, 1968/03/30	55, 55	12, 12	67, 76	65, 74	37, 759
FloydCramer_LastDate_1960	Floyd Cramer	Last Date	1960/12/31	2	20	2	3	788
Focus_HocusPocus_1973	Focus	Hocus Pocus	1973/03/31, 1973/04/21	9, 9	19, 19	63, 38	63, 39	381, 999
Foghat_DrivinWheel_1977	Foghat	Drivin' Wheel	1977/01/29, 1976/12/04	34, 34	10, 10	56, 65	54, 65	75, 95
FontellaBass_RescueMe_1965	Fontella Bass	Rescue Me	1965/10/30	4	13	15	14	777
FourTops_StandingInTheShadowsOfLove_1967	Four Tops	Standing In The Shadows Of Love	1967/02/18, 1967/02/11	6, 6	10, 10	24, 17	26, 18	1192, 1283
FreddieJackson_HaveYouEverLovedSomebody_1987	Freddie Jackson	Have You Ever Loved Somebody	1987/02/21	69	9	75	74	122
FreddyFender_LivingItDown_1976	Freddy Fender	Living It Down	1976/11/06	72	4	76	75	346
FreddyFender_SecretLove_1975	Freddy Fender	Secret Love	1975/11/22	20	11	28	28	872
GaryUSBonds_QuarterToThree_1961	Gary U.S. Bonds	Quarter To Three	1961/05/29	1	15	65	65	571
GenePitney_TownWithoutPity_1961	Gene Pitney	Town Without Pity	1961/12/04	13	16	44	44	1037
GeneralPublic_Tenderness_1984	General Public	Tenderness	1984/11/17	27	18	89	89	389
Genesis_Abacab_1982	Genesis	Abacab	1982/02/20	26	14	26	26	1256
Genesis_InvisibleTouch_1986	Genesis	Invisible Touch	1986/07/26	1	17	3	3	1126
Genesis_Misunderstanding_1980	Genesis	Misunderstanding	1980/07/26	14	18	22	22	393
Genesis_TonightTonightTonight_1987	Genesis	Tonight, Tonight, Tonight	1987/05/23	3	15	95	95	236
GeorgeBenson_Breezin_1976	George Benson	Breezin'	1976/11/06	63	6	65	67	967
GeorgeHarrison_AllThoseYearsAgo_1981	George Harrison	All Those Years Ago	1981/05/30, 1981/08/15	2, 2	16, 16	16, 51	16, 51	517, 680
GeorgeHarrison_BlowAway_1979	George Harrison	Blow Away	1979/04/07	16	14	26	26	419
GeorgeHarrison_CrackerboxPalace_1977	George Harrison	Crackerbox Palace	1977/02/05	19	11	49	49	1282
GeorgeHarrison_GotMyMindSetOnYou_1988	George Harrison	Got My Mind Set On You	1988/01/23	1	22	3	4	845
GeorgeHarrison_ThisSong_1977	George Harrison	This Song	1977/01/15	25	11	23	25	361
GinoVannelli_BlackCars_1985	Gino Vannelli	Black Cars	1985/08/17	42	16	98	99	68
GinoVannelli_HurtsToBeInLove_1985	Gino Vannelli	Hurts To Be In Love	1985/09/28, 1985/11/30	57, 57	12, 12	90, 75	89, 76	62, 1067
GinoVannelli_WildHorses_1987	Gino Vannelli	Wild Horses	1987/05/16	55	15	71	72	407
GladysKnightAndThePips_BabyDontChangeYourMind_1977	Gladys Knight & The Pips	Baby Don't Change Your Mind	1977/08/20, 1977/08/06, 1977/07/16	52, 52, 52	11, 11, 11	69, 67, 83	67, 67, 85	705, 888, 1250
GladysKnightAndThePips_BestThingThatEverHappenedToMe_1974	Gladys Knight & The Pips	Best Thing That Ever Happened To Me	1974/06/08	3	17	41	42	380
GladysKnightAndThePips_IfIWereYourWoman_1971	Gladys Knight & The Pips	If I Were Your Woman	1971/02/13	9	15	9	9	343
GladysKnightAndThePips_LetterFullOfTears_1962	Gladys Knight & The Pips	Letter Full Of Tears	1962/01/27, 1962/02/10	19, 19	11, 11	27, 19	27, 19	112, 596
GlenCampbell_Galveston_1969	Glen Campbell	Galveston	1969/03/15	4	12	18	18	224
GlenCampbell_ItsOnlyMakeBelieve_1970	Glen Campbell	It's Only Make Believe	1970/09/05	10	12	83	82	623
GlenCampbell_RhinestoneCowboy_1975	Glen Campbell	Rhinestone Cowboy	1975/10/11	1	23	14	15	246
GlenCampbell_Sunflower_1977	Glen Campbell	Sunflower	1977/07/23	39	11	63	62	347
GlenCampbell_WichitaLineman_1969	Glen Campbell	Wichita Lineman	1969/01/11	3	15	3	3	1114
GloriaGaynor_NeverCanSayGoodbye_1975	Gloria Gaynor	Never Can Say Goodbye	1975/02/08, 1974/12/07	9, 9	17, 17	20, 35	20, 34	190, 1068
GoldenEarring_TwilightZone_1983	Golden Earring	Twilight Zone	1983/02/19	10	27	19	20	170
GordonLightfoot_Beautiful_1972	Gordon Lightfoot	Beautiful	1972/07/01	58	11	69	68	180
GrahamNash_Chicago_1971	Graham Nash	Chicago	1971/07/17	35	11	38	36	25
GrandFunkRailroad_WalkLikeAMan_1973	Grand Funk Railroad	Walk Like A Man	1973/12/08	19	12	62	64	762
GratefulDead_SugarMagnolia_1973	Grateful Dead	Sugar Magnolia	1973/02/10	91	2	93	91	1034
HankSnow_IveBeenEverywhere_1962	Hank Snow	I've Been Everywhere	1962/10/20	68	8	86	86	1059
HarryChapin_SundayMorningSunshine_1972	Harry Chapin	Sunday Morning Sunshine	1972/11/25	75	6	78	80	412
Heart_CrazyOnYou_1978	Heart	Crazy On You	1978/02/11, 1976/06/12	35, 35	19, 19	99, 49	100,  49	33, 73
Heart_MagicMan_1976	Heart	Magic Man	1976/10/30, 1976/08/07	9, 9	23, 23	12, 71	10, 73	215, 800
Heart_TheresTheGirl_1988	Heart	There's The Girl	1988/01/30, 1988/01/02	12, 12	17, 17	20, 16	19, 18	281, 660
Heart_WhoWillYouRunTo_1987	Heart	Who Will You Run To	1987/12/12	7	22	89	90	1089
HiFive_ILikeTheWay_1991	Hi-Five	I Like The Way (The Kissing Game)	1991/07/20	1	23	67	67	856
HueyLewis_IWantANewDrug_1984	Huey Lewis	I Want A New Drug	1984/05/12	6	19	77	77	430
IkeAndTinaTurner_ItsGonnaWorkOutFine_1961	Ike & Tina Turner	It's Gonna Work Out Fine	1961/08/28	14	15	41	42	212
IkeAndTinaTurner_IWantToTakeYouHigher_1970	Ike & Tina Turner	I Want To Take You Higher	1970/08/29, 1970/08/15, 1970/08/22	34, 34, 34	18, 18, 18	35, 38, 35	34, 37, 35	204, 360, 996
INXS_NeedYouTonight_1988	INXS	Need You Tonight	1988/01/23	1	24	2	2	687
IrmaThomas_WishSomeoneWouldCare_1964	Irma Thomas	Wish Someone Would Care	1964/04/25	17	12	34	32	598
IronButterfly_InAGaddaDaVida_1968	Iron Butterfly	In-A-Gadda-Da-Vida	1968/11/02	30	17	31	30	261
IsaacHayes_DoYourThing_1972	Isaac Hayes	Do Your Thing	1972/04/08	30	11	29	30	216
IsaacHayes_TheLookOfLove_1971	Isaac Hayes	The Look Of Love	1971/03/06	79	5	84	82	978
JackieWilson_BabyWorkout_1963	Jackie Wilson	Baby Workout	1963/05/25	5	12	60	59	672
JacksonBrowne_Boulevard_1980	Jackson Browne	Boulevard	1980/08/16, 1980/07/26	19, 19	16, 16	22, 33	24, 33	561, 695
JacksonBrowne_HereComeThoseTearsAgain_1977	Jackson Browne	Here Come Those Tears Again	1977/04/02	23	9	54	54	395
JacksonBrowne_RedneckFriend_1973	Jackson Browne	Redneck Friend	1973/10/20	85	10	85	85	545
JacksonBrowne_RunningOnEmpty_1978	Jackson Browne	Running On Empty	1978/03/18	11	17	27	25	1155
JamesBrown_BabyYoureRight_1961	James Brown	Baby, You're Right	1961/08/28	49	4	65	65	533
JamesBrown_ColdSweatPart1_1967	James Brown	Cold Sweat - Part 1	1967/07/29	7	12	56	58	79
JamesBrown_DownAndOutInNewYorkCity_1973	James Brown	Down And Out In New York City	1973/04/07	50	7	50	52	1032
JamesBrown_GetUp_1970	James Brown	Get Up (I Feel Like Being Like A) Sex Machine (Part 1)	1970/09/12	15	9	34	32	857
JamesBrown_IDontMind_1961	James Brown	I Don't Mind	1961/07/03	47	8	56	57	3
JamesBrown_IGotYou_1965	James Brown	I Got You (I Feel Good)	1965/11/27	3	12	8	9	314
JamesBrown_MyThang_1974	James Brown	My Thang	1974/07/06	29	13	51	51	490
JamesBrown_Think_1973	James Brown	Think	1973/06/09	33	16	79	77	640
JamesTaylor_CountryRoad_1971	James Taylor	Country Road	1971/02/13	37	8	68	67	901
JanAndDean_SidewalkSurfin_1964	Jan & Dean	Sidewalk Surfin'	1964/12/12	25	8	25	25	1272
JanAndDean_TheAnaheimAzusaAndCucamongaSewingCircleBookReviewAndTimingAssociation_1964	Jan & Dean	The Anaheim, Azusa & Cucamonga Sewing Circle, Book Review And Timing Association	1964/10/10	77	3	82	82	689
JanAndDean_TheLittleOldLady_1964	Jan & Dean	The Little Old Lady (From Pasadena)	1964/07/04	3	11	21	22	635
JanisJoplin_KozmicBlues_1969	Janis Joplin	Kozmic Blues	1969/12/27	41	9	47	48	397
JeffBeck_PeopleGetReady_1985	Jeff Beck	People Get Ready	1985/08/17	48	10	83	85	698
JeffersonStarship_CountOnMe_1978	Jefferson Starship	Count On Me	1978/04/15	8	14	18	16	1045
JermaineJackson_LetsGetSerious_1980	Jermaine Jackson	Let's Get Serious	1980/08/30	9	23	97	98	811
JerryJeffWalker_MrBojangles_1968	Jerry Jeff Walker	Mr. Bojangles	1968/08/24	77	5	78	79	294
JerryReed_KoKoJoe_1971	Jerry Reed	Ko-Ko Joe	1971/09/18	51	6	56	58	713
JesusJones_RightHereRightNow_1991	Jesus Jones	Right Here, Right Now	1991/08/24, 1991/09/14	2, 2	25, 25	26, 61	26, 62	1169, 1260
JethroTull_LivingInThePast_1972	Jethro Tull	Living In The Past	1972/12/16	11	14	19	20	706
JFrankWilsonAndTheCavaliers_LastKiss_1964	J. Frank Wilson & The Cavaliers	Last Kiss	1964/09/05, 1974/01/05, 1964/10/17	2, 2, 2	20, 20, 20	71, 94,  4	73, 93,  5	54, 247, 402
JimiHendrix_Freedom_1971	Jimi Hendrix	Freedom	1971/05/01	59	8	67	65	35
JimmyBuffett_ComeMonday_1974	Jimmy Buffett	Come Monday	1974/08/10	30	14	45	45	758
JimmyClanton_JustADream_1958	Jimmy Clanton	Just A Dream	1958/10/27, 1958/09/15	4, 4	18, 18	31,  6	29,  5	185, 805
JimmyCliff_WonderfulWorldBeautifulPeople_1969	Jimmy Cliff	Wonderful World, Beautiful People	1969/12/06	25	11	80	81	203
JimmyJones_HandyMan_1960	Jimmy Jones	Handy Man	1960/02/08	2	18	6	5	250
JimmyReed_BabyWhatYouWantMeToDo_1960	Jimmy Reed	Baby What You Want Me To Do	1960/05/16, 1960/04/04	37, 37	14, 14	93, 79	93, 80	1024, 1263
JimmyRuffin_IvePassedThisWayBefore_1967	Jimmy Ruffin	I've Passed This Way Before	1967/01/07	17	11	23	23	1044
JimmySmith_WalkOnTheWildSide_1962	Jimmy Smith	Walk On The Wild Side (Part 1)	1962/06/09	21	11	31	32	455
JoanBaez_ThereButForFortune_1965	Joan Baez	There But For Fortune	1965/10/23	50	7	72	71	1087
JoeCocker_WithALittleHelpFromMyFriends_1968	Joe Cocker	With A Little Help From My Friends	1968/11/23	68	6	84	85	675
JohnDenver_AnniesSong_1974	John Denver	Annie's Song	1974/09/21	1	17	67	68	182
JohnDenver_BackHomeAgain_1974	John Denver	Back Home Again	1974/12/28, 1974/12/14	5, 5	16, 16	65, 44	65, 42	235, 446
JohnDenver_ItAmazesMe_1978	John Denver	It Amazes Me	1978/03/18	59	7	66	68	245
JohnDenver_RockyMountainHigh_1972	John Denver	Rocky Mountain High	1972/12/23	9	19	47	46	720
JohnDenver_SeasonsOfTheHeart_1982	John Denver	Seasons Of The Heart	1982/08/21	78	5	78	78	463
JohnDenver_SomeDaysAreDiamonds_1981	John Denver	Some Days Are Diamonds (Some Days Are Stone)	1981/09/19	36	20	37	36	711
JohnnyCash_IGotStripes_1959	Johnny Cash	I Got Stripes	1959/08/24	43	11	54	55	1160
JohnnyCash_TheWaysOfAWomanInLove_1958	Johnny Cash	The Ways Of A Woman In Love	1958/09/01	24	11	58	58	787
JohnnyHorton_JohnnyReb_1959	Johnny Horton	Johnny Reb	1959/08/24	54	8	69	70	1287
JohnnyHorton_TheBattleOfNewOrleans_1959	Johnny Horton	The Battle Of New Orleans	1959/04/27, 1959/08/24	1, 1	20, 20	93, 26	93, 25	500, 873
JohnnyLee_LookinForLove_1980	Johnny Lee	Lookin' For Love	1980/11/15	5	21	65	63	12
JohnnyTillotson_IRiseIFall_1964	Johnny Tillotson	I Rise, I Fall	1964/06/20	36	8	44	42	355
JohnnyTillotson_ItKeepsRightOnAHurtin_1962	Johnny Tillotson	It Keeps Right On A-Hurtin'	1962/06/09	3	12	6	6	1041
JohnnyTillotson_JimmysGirl_1961	Johnny Tillotson	Jimmy's Girl	1961/02/20	25	11	28	27	410
JohnnyTillotson_OutOfMyMind_1963	Johnny Tillotson	Out Of My Mind	1963/05/04	24	10	45	45	638
JohnnyTillotson_TalkBackTremblingLips_1963	Johnny Tillotson	Talk Back Trembling Lips	1963/12/07	7	13	26	26	1141
JohnnyTillotson_WorriedGuy_1964	Johnny Tillotson	Worried Guy	1964/03/07	37	7	47	47	267
JoniMitchell_BabyIDontCare_1982	Joni Mitchell	(You're So Square) Baby I Don't Care	1982/12/11	47	9	47	47	417
JoniMitchell_BigYellowTaxi_1975	Joni Mitchell	Big Yellow Taxi	1975/02/22	24	16	42	41	668
JudasPriest_YouveGotAnotherThingComin_1982	Judas Priest	You've Got Another Thing Comin'	1982/11/27	67	7	68	67	861
JuiceNewton_BreakItToMeGently_1982	Juice Newton	Break It To Me Gently	1982/08/21	11	17	74	74	303
JuiceNewton_QueenOfHearts_1981	Juice Newton	Queen Of Hearts	1981/07/04	2	27	22	23	690
Kaoma_Lambada_1990	Kaoma	Lambada	1990/04/28	46	12	78	77	1270
KateBush_RunningUpThatHill_1985	Kate Bush	Running Up That Hill	1985/12/14	30	20	59	58	531
KennyRogers_IDontNeedYou_1981	Kenny Rogers	I Don't Need You	1981/10/10	3	18	94	96	494
KennyRogers_Lady_1980	Kenny Rogers	Lady	1980/12/27	1	25	3	4	1258
KennyRogers_Lucille_1977	Kenny Rogers	Lucille	1977/04/16	5	19	43	42	731
KennyRogers_ScarletFever_1983	Kenny Rogers	Scarlet Fever	1983/08/20	94	2	95	94	372
KennyRogers_SweetMusicMan_1978	Kenny Rogers	Sweet Music Man	1978/01/28	44	8	43	44	472
KennyRogers_ThroughTheYears_1981	Kenny Rogers	Through The Years	1981/12/26, 1982/01/23	13, 13	15, 15	84, 32	82, 30	338, 832
KennyRogers_YouDecoratedMyLife_1980	Kenny Rogers	You Decorated My Life	1980/01/05	7	18	95	97	238
Kiss_RocketRide_1978	Kiss	Rocket Ride	1978/04/08	39	10	44	44	610
KoolAndTheGang_JungleBoogie_1974	Kool & The Gang	Jungle Boogie	1974/01/19	4	22	22	22	331
KrisKristofferson_LovingHerWasEasier_1971	Kris Kristofferson	Loving Her Was Easier (Than Anything I'll Ever Do Again)	1971/09/25	26	13	40	41	1135
LauraBranigan_Gloria_1982	Laura Branigan	Gloria	1982/11/27	2	36	3	2	995
LaVernBaker_ICriedATear_1959	LaVern Baker	I Cried A Tear	1959/02/09, 1959/02/02, 1959/02/02	6, 6, 6	21, 21, 21	14, 20, 21	12, 19, 19	822, 954, 1166
LaVernBaker_SeeSeeRider_1963	LaVern Baker	See See Rider	1963/02/02	34	11	47	48	425
LedZeppelin_DyerMaker_1973	Led Zeppelin	D'yer Mak'er	1973/11/24	20	16	39	40	749
LedZeppelin_OverTheHillsAndFarAway_1973	Led Zeppelin	Over The Hills And Far Away	1973/06/30, 1973/08/11	51, 51	8, 8	80, 64	81, 64	53, 1025
LedZeppelin_TrampledUnderFoot_1975	Led Zeppelin	Trampled Under Foot	1975/05/10	38	7	44	44	525
LeoSayer_YouMakeMeFeelLikeDancing_1977	Leo Sayer	You Make Me Feel Like Dancing	1977/01/22	1	21	3	3	986
LesleyGore_CaliforniaNights_1967	Lesley Gore	California Nights	1967/04/22, 1967/03/11	16, 16	14, 14	32, 25	33, 27	813, 896
LesleyGore_YouDontOwnMe_1964	Lesley Gore	You Don't Own Me	1964/03/07	2	13	14	13	1211
Level42_SomethingAboutYou_1986	Level 42	Something About You	1986/03/22, 1986/07/05	7, 7	27, 27	52, 34	52, 34	158, 1237
LindaRonstadt_WhenWillIBeLoved_1975	Linda Ronstadt	When Will I Be Loved	1975/07/26, 1975/07/19	2, 2	19, 19	72, 23	73, 23	324, 839
LittleAnthonyAndTheImperials_OutOfSightOutOfMind_1969	Little Anthony & The Imperials	Out Of Sight, Out Of Mind	1969/09/06	52	9	54	53	927
LittleJoeyAndTheFlips_BongoStomp_1962	Little Joey & The Flips	Bongo Stomp	1962/06/16	35	8	99	97	67
LittleRiverBand_HappyAnniversary_1978	Little River Band	Happy Anniversary	1978/02/25	16	18	19	20	1174
LittleRiverBand_HelpIsOnItsWay_1977	Little River Band	Help Is On Its Way	1977/11/05, 1977/12/24	14, 14	22, 22	20, 98	18, 100	187, 721
LittleRiverBand_Reminiscing_1978	Little River Band	Reminiscing	1978/08/19	3	20	27	28	77
LittleRiverBand_TheOtherGuy_1983	Little River Band	The Other Guy	1983/01/15	11	18	13	14	310
LittleRiverBand_WeTwo_1983	Little River Band	We Two	1983/06/18	22	12	23	22	104
LookingGlass_Brandy_1972	Looking Glass	Brandy (You're A Fine Girl)	1972/09/30, 1972/08/19	1, 1	16, 16	32,  1	33,  2	128, 682
LosLobos_WillTheWolfSurvive_1985	Los Lobos	Will The Wolf Survive	1985/04/20	78	5	96	94	1119
LouisArmstrong_HelloDolly_1964	Louis Armstrong	Hello, Dolly!	1964/03/28	1	22	8	8	650
LouisPrimaAndKeelySmith_ThatOldBlackMagic_1958	Louis Prima & Keely Smith	That Old Black Magic	1958/12/15	18	13	20	18	746
LynyrdSkynyrd_SweetHomeAlabama_1974	Lynyrd Skynyrd	Sweet Home Alabama	1974/10/26	8	17	9	8	107
Madonna_LiveToTell_1986	Madonna	Live To Tell	1986/07/26	1	18	58	59	1173
Madonna_OhFather_1990	Madonna	Oh Father	1990/02/03	20	13	100	100	1140
MarcCohn_WalkingInMemphis_1991	Marc Cohn	Walking In Memphis	1991/08/17	13	23	69	69	775
MarieOsmond_PaperRoses_1973	Marie Osmond	Paper Roses	1973/10/20	5	16	10	10	1245
MarkyMark_GoodVibrations_1991	Marky Mark	Good Vibrations	1991/11/09, 1991/11/09	1, 1	19, 19	31, 30	31, 31	352, 503
MarthaAndTheVandellas_NowhereToRun_1965	Martha & The Vandellas	Nowhere To Run	1965/03/27	8	11	14	12	74
MartyRobbins_BigIron_1960	Marty Robbins	Big Iron	1960/03/21, 1960/05/09	26, 26	10, 10	67, 42	67, 43	814, 1120
MartyRobbins_IWalkAlone_1968	Marty Robbins	I Walk Alone	1968/12/14	65	8	66	65	1054
MarvinGayeAndKimWeston_ItTakesTwo_1967	Marvin Gaye & Kim Weston	It Takes Two	1967/01/07	14	12	87	88	280
MarvinGayeAndTammiTerrell_IfICouldBuildMyWholeWorldAroundYou_1967	Marvin Gaye & Tammi Terrell	If I Could Build My Whole World Around You	1967/12/23, 1967/12/23, 1967/12/09	10, 10, 10	11, 11, 11	22, 24, 49	23, 23, 47	619, 1100, 1117
MarvinGaye_IWantYou_1976	Marvin Gaye	I Want You	1976/06/26, 1976/05/15	15, 15	13, 13	14, 35	15, 35	319, 795
MarvinGaye_MercyMercyMe_1971	Marvin Gaye	Mercy Mercy Me (The Ecology)	1971/08/07	4	12	10	10	819
MaryMacGregor_TornBetweenTwoLovers_1976	Mary MacGregor	Torn Between Two Lovers	1976/12/18	1	22	43	42	1138
MaxFrostAndTheTroopers_ShapeOfThingsToCome_1968	Max Frost & The Troopers	Shape Of Things To Come	1968/11/16	22	12	38	40	257
MeatLoaf_ParadiseByTheDashboardLight_1978	Meat Loaf	Paradise By The Dashboard Light	1978/09/30	39	10	43	43	71
MeatLoaf_YouTookTheWordsRightOutOfMyMouth_1978	Meat Loaf	You Took The Words Right Out Of My Mouth	1978/12/02	39	13	63	64	807
MelbaMontgomery_NoCharge_1974	Melba Montgomery	No Charge	1974/06/08	39	10	38	39	167
MelTorme_CominHomeBaby_1962	Mel Torme	Comin' Home Baby	1962/12/29	36	11	36	36	213
Metallica_One_1989	Metallica	One	1989/05/20	35	15	89	89	884
MichaelJackson_BeatIt_1983	Michael Jackson	Beat It	1983/04/02	1	25	14	14	629
MichaelJackson_HumanNature_1983	Michael Jackson	Human Nature	1983/08/13	7	14	22	23	637
MichaelJackson_ManInTheMirror_1988	Michael Jackson	Man In The Mirror	1988/04/23	1	16	11	11	1188
MichaelJackson_WannaBeStartinSomethin_1983	Michael Jackson	Wanna Be Startin' Somethin'	1983/09/03	5	15	89	89	223
MichaelJacksonWithSiedahGarrett_IJustCantStopLovingYou_1987	Michael Jackson With Siedah Garrett	I Just Can't Stop Loving You	1987/08/22	1	12	12	10	85
MichaelJohnson_AlmostLikeBeingInLove_1978	Michael Johnson	Almost Like Being In Love	1978/09/02	32	12	54	54	547
MichaelSembello_Maniac_1983	Michael Sembello	Maniac	1983/06/25	1	22	49	48	553
MilliVanilli_BabyDontForgetMyNumber_1989	Milli Vanilli	Baby Don't Forget My Number	1989/05/27	1	21	21	22	1276
MilliVanilli_GirlImGonnaMissYou_1989	Milli Vanilli	Girl I m Gonna Miss You	1989/09/02	1	21	13	12	1039
MilliVanilli_GirlYouKnowItsTrue_1989	Milli Vanilli	Girl You Know It's True	1989/04/22	2	26	8	8	913
MinnieRiperton_LovinYou_1975	Minnie Riperton	Lovin' You	1975/01/18	1	18	81	80	1257
NakedEyes_AlwaysSomethingThereToRemindMe_1983	Naked Eyes	Always Something There To Remind Me	1983/03/19	8	22	80	79	181
NancySinatra_TheseBootsAreMadeForWalkin_1966	Nancy Sinatra	These Boots Are Made For Walkin'	1966/02/05	1	14	29	28	284
NatalieCole_IveGotLoveOnMyMind_1977	Natalie Cole	I've Got Love On My Mind	1977/02/05	5	21	74	74	177
NatalieCole_Unforgettable_1991	Natalie Cole	Unforgettable	1991/11/02	14	17	88	88	982
NatKingCole_RamblinRose_1962	Nat King Cole	Ramblin' Rose	1962/11/17	2	16	62	61	220
NatKingCole_ThoseLazyHazyCrazyDaysOfSummer_1963	Nat King Cole	Those Lazy-Hazy-Crazy Days Of Summer	1963/07/20, 1963/07/06	6, 6	12, 12	31, 11	33, 12	516, 1132
NeilSedaka_BreakingUpIsHardToDo_1976	Neil Sedaka	Breaking Up Is Hard To Do	1976/03/13	1	25	55	55	728
NenehCherry_KissesOnTheWind_1989	Neneh Cherry	Kisses On The Wind	1989/10/07, 1989/08/19	8, 8	14, 14	23, 32	24, 32	370, 909
NickGilder_HotChildInTheCity_1978	Nick Gilder	Hot Child In The City	1978/09/23, 1978/12/02	1, 1	31, 31	9, 26	9, 28	615, 783
NittyGrittyDirtBand_BuyForMeTheRain_1967	Nitty Gritty Dirt Band	Buy For Me The Rain	1967/04/22	45	7	57	57	88
NittyGrittyDirtBand_MakeALittleMagic_1980	Nitty Gritty Dirt Band	Make A Little Magic	1980/09/13	25	16	42	43	859
OakRidgeBoys_Elvira_1981	Oak Ridge Boys	Elvira	1981/05/30	5	22	48	48	864
Ocean_PutYourHandInTheHand_1971	Ocean	Put Your Hand In The Hand	1971/05/29	2	14	5	6	429
Oliver_GoodMorningStarshine_1969	Oliver	Good Morning Starshine	1969/07/12	3	13	4	3	834
OtisRedding_ChainedAndBound_1964	Otis Redding	Chained And Bound	1964/10/31	70	7	95	95	678
OtisRedding_IveBeenLovingYouTooLong_1965	Otis Redding	I've Been Loving You Too Long (To Stop Now)	1965/07/03	21	11	20	21	502
OtisRedding_TheDockOfTheBay_1968	Otis Redding	(Sittin' On) The Dock Of The Bay	1968/03/23	1	16	1	1	645
PaperLace_TheNightChicagoDied_1974	Paper Lace	The Night Chicago Died	1974/08/03	1	17	4	5	767
PatBenatar_FireAndIce_1981	Pat Benatar	Fire And Ice	1981/08/15	17	15	25	24	89
PatBenatar_Heartbreaker_1980	Pat Benatar	Heartbreaker	1980/03/08, 1979/12/22	23, 23	18, 18	22, 75	24, 76	1053, 1204
PatBenatar_LittleTooLate_1983	Pat Benatar	Little Too Late	1983/04/30	20	14	81	83	973
PatBenatar_LoveIsABattlefield_1983	Pat Benatar	Love Is A Battlefield	1983/10/01	5	22	63	62	741
PatBenatar_PromisesInTheDark_1981	Pat Benatar	Promises In The Dark	1981/11/21, 1981/11/21	38, 38	11, 11	57, 55	55, 55	227, 275
PatrickHernandez_BornToBeAlive_1979	Patrick Hernandez	Born To Be Alive	1979/07/14, 1979/06/30, 1979/08/04	16, 16, 16	19, 19, 19	59, 79, 40	60, 78, 40	259, 279, 552
PaulAnka_LetMeGetToKnowYou_1974	Paul Anka	Let Me Get To Know You	1974/02/23	80	8	85	87	325
PaulAnka_LoveMeWarmAndTender_1962	Paul Anka	Love Me Warm And Tender	1962/05/12	12	12	36	34	196
PaulMcCartneyAndWings_MyLove_1973	Paul McCartney & Wings	My Love	1973/04/14	1	18	73	73	1163
PaulMcCartney_MaybeImAmazed_1977	Paul McCartney	Maybe I'm Amazed	1977/03/05	10	13	20	20	206
PaulMcCartney_Press_1986	Paul McCartney	Press	1986/08/23	21	11	39	39	772
PaulMcCartney_WithALittleLuck_1978	Paul McCartney	With A Little Luck	1978/07/22	1	18	94	96	456
PaulRevereAndTheRaiders_Kicks_1966	Paul Revere & The Raiders	Kicks	1966/06/04	4	14	14	14	1181
PaulSimon_50WaysToLeaveYourLover_1976	Paul Simon	50 Ways To Leave Your Lover	1976/03/27	1	17	31	29	824
PaulSimon_YouCanCallMeAl_1986	Paul Simon	You Can Call Me Al	1986/08/23, 1986/08/09	23, 23	29, 29	69, 83	69, 83	81, 833
PeachesAndHerb_ShakeYourGrooveThing_1978	Peaches & Herb	Shake Your Groove Thing	1978/12/23	5	22	69	71	550
PeggyLee_Fever_1958	Peggy Lee	Fever	1958/09/22	8	16	32	33	396
PeggyLee_IsThatAllThereIs_1969	Peggy Lee	Is That All There Is	1969/10/11	11	10	33	33	59
PeterGabriel_ShockTheMonkey_1982	Peter Gabriel	Shock The Monkey	1982/11/06, 1982/12/04	29, 29	18, 18	59, 39	60, 39	92, 141
PetShopBoys_AlwaysOnMyMind_1988	Pet Shop Boys	Always On My Mind	1988/04/30	4	14	12	11	184
PetShopBoys_LoveComesQuickly_1986	Pet Shop Boys	Love Comes Quickly	1986/10/04	62	8	60	62	526
PetShopBoys_WhatHaveIDoneToDeserveThis_1988	Pet Shop Boys	What Have I Done To Deserve This?	1988/02/20	2	12	3	2	648
PhilCollins_TwoHearts_1989	Phil Collins	Two Hearts	1989/02/25	1	18	50	48	43
PinkFloyd_AnotherBrickInTheWall_1980	Pink Floyd	Another Brick In The Wall (Part II)	1980/07/05	1	25	93	94	1052
PinkFloyd_Money_1973	Pink Floyd	Money	1973/07/28	13	15	12	13	269
Player_BabyComeBack_1978	Player	Baby Come Back	1978/01/28	1	32	3	1	1003
Poison_UnskinnyBop_1990	Poison	Unskinny Bop	1990/09/15	3	19	3	5	810
Prince_TheArmsOfOrion_1989	Prince (With Sheena Easton)	The Arms Of Orion	1989/12/16	36	14	35	36	1019
PsychedelicFurs_PrettyInPink_1986	Psychedelic Furs	Pretty In Pink	1986/05/24	41	11	42	42	729
PurePrairieLeague_Amie_1975	Pure Prairie League	Amie	1975/03/08	27	13	88	88	406
Quarterflash_HardenMyHeart_1982	Quarterflash	Harden My Heart	1982/03/06, 1982/02/06	3, 3	24, 24	18,  4	18,  4	608, 659
Queensryche_SilentLucidity_1991	Queensryche	Silent Lucidity	1991/06/08, 1991/05/11	9, 9	17, 17	10, 10	12, 11	670, 685
Queen_WeAreTheChampions_1978	Queen	We Are The Champions	1978/01/14	4	27	10	10	588
RandyVanwarmer_JustWhenINeededYouMost_1979	Randy Vanwarmer	Just When I Needed You Most	1979/07/21	4	20	38	38	149
RareEarth_GetReady_1970	Rare Earth	Get Ready	1970/06/06	4	20	6	6	1220
RayCharles_CryingTime_1965	Ray Charles	Crying Time	1965/12/25	6	15	60	61	748
RayCharles_EleanorRigby_1968	Ray Charles	Eleanor Rigby	1968/06/29	35	10	54	53	933
RayCharles_LetsGoGetStoned_1966	Ray Charles	Let's Go Get Stoned	1966/07/16	31	9	29	31	890
RayCharles_TheRightTime_1959	Ray Charles	(Night Time Is) The Right Time	1959/02/09	95	1	94	95	214
RayParkerJr_Ghostbusters_1984	Ray Parker Jr.	Ghostbusters	1984/08/18	1	21	1	1	621
RayPrice_ForTheGoodTimes_1970	Ray Price	For The Good Times	1970/09/26, 1970/12/12	11, 11	24, 24	65, 22	66, 23	102, 725
RDeanTaylor_IndianaWantsMe_1970	R. Dean Taylor	Indiana Wants Me	1970/12/05, 1970/09/19	5, 5	15, 15	18, 34	18, 35	30, 537
Redbone_ComeAndGetYourLove_1974	Redbone	Come And Get Your Love	1974/02/16	5	23	35	35	315
REOSpeedwagon_TimeForMeToFly_1980	REO Speedwagon	Time For Me To Fly	1980/05/31, 1980/07/05	56, 56	13, 13	90, 85	90, 86	268, 910
RickDerringer_RockAndRollHoochieKoo_1974	Rick Derringer	Rock And Roll, Hoochie Koo	1974/02/23	23	14	43	42	1267
RickJames_GiveItToMeBaby_1981	Rick James	Give It To Me Baby	1981/06/27	40	14	49	50	480
RickJames_SuperFreak_1981	Rick James	Super Freak (Part I)	1981/12/19	16	24	74	72	812
RickSpringfield_DontTalkToStrangers_1982	Rick Springfield	Don't Talk To Strangers	1982/03/20	2	21	24	24	865
RickSpringfield_JessiesGirl_1981	Rick Springfield	Jessie's Girl	1981/04/11, 1981/08/22	1, 1	32, 32	60,  6	61,  5	217, 450
RitaCoolidge_Fever_1973	Rita Coolidge	Fever	1973/01/27	76	7	75	77	692
RitaCoolidge_HigherAndHigher_1977	Rita Coolidge	(Your Love Has Lifted Me) Higher And Higher	1977/08/13	2	27	5	4	336
RitaCoolidge_TheWayYouDoTheThingsYouDo_1978	Rita Coolidge	The Way You Do The Things You Do	1978/01/21	20	11	74	73	291
RitaCoolidge_WereAllAlone_1977	Rita Coolidge	We're All Alone	1977/11/26	7	20	7	7	806
RobBase_ItTakesTwo_1988	Rob Base	It Takes Two	1988/09/10	36	16	56	58	1109
RobertaFlackAndDonnyHathaway_YouveGotAFriend_1971	Roberta Flack & Donny Hathaway	You've Got A Friend	1971/08/07, 1971/06/19	29, 29	12, 12	32, 68	31, 67	4, 1229
RobertaFlack_FeelLikeMakinLove_1974	Roberta Flack	Feel Like Makin' Love	1974/09/28, 1974/09/07, 1974/08/03	1, 1, 1	16, 16, 16	39, 10,  3	38, 11,  3	221, 454, 940
RobertJohn_LonelyEyes_1980	Robert John	Lonely Eyes	1980/02/09	41	11	62	63	154
RobertJohn_SadEyes_1979	Robert John	Sad Eyes	1979/09/22	1	27	5	6	1064
RobertPalmer_AddictedToLove_1986	Robert Palmer	Addicted To Love	1986/03/08, 1986/03/08	1, 1	22, 22	40, 37	38, 38	271, 458
RockAndHyde_DirtyWater_1987	Rock And Hyde	Dirty Water	1987/05/23	61	10	64	65	929
Rockwell_SomebodysWatchingMe_1984	Rockwell	Somebody's Watching Me	1984/01/28, 1984/03/17	2, 2	19, 19	73,  4	73,  3	334, 882
RodBernard_ThisShouldGoOnForever_1959	Rod Bernard	This Should Go On Forever	1959/03/16	20	11	61	60	707
RodStewart_MaggieMay_1971	Rod Stewart	Maggie May	1971/11/27	1	17	11	11	100
RodStewart_TwistinTheNightAway_1987	Rod Stewart	Twistin' The Night Away (from the film Innerspace)	1987/07/25	80	4	82	80	620
RogerMiller_YouCantRollerSkateInABuffaloHerd_1966	Roger Miller	You Can't Roller Skate In A Buffalo Herd	1966/07/30, 1966/07/30	40, 40	6, 6	42, 43	43, 43	308, 669
RonnieMilsap_IWouldntHaveMissedItForTheWorld_1981	Ronnie Milsap	I Wouldn't Have Missed It For The World	1981/10/31	20	17	76	75	131
Roxette_TheLook_1989	Roxette	The Look	1989/03/04	1	19	25	25	567
RoxyMusic_DanceAway_1979	Roxy Music	Dance Away	1979/05/19, 1979/06/02	44, 44	9, 9	64, 48	65, 49	568, 846
RoyDrusky_ThreeHeartsInATangle_1961	Roy Drusky	Three Hearts In A Tangle	1961/06/26	35	16	34	35	1006
RoyHead_TreatHerRight_1965	Roy Head	Treat Her Right	1965/09/18	2	11	25	26	1125
RoyOrbison_CrySoftlyLonelyOne_1967	Roy Orbison	Cry Softly Lonely One	1967/08/26	52	6	54	53	64
RunDMC_WalkThisWay_1986	Run-D.M.C.	Walk This Way	1986/08/02	4	16	56	55	879
Rush_TheSpiritOfRadio_1980	Rush	The Spirit Of Radio	1980/03/08	51	8	60	62	105
Sagittarius_MyWorldFellDown_1967	Sagittarius	My World Fell Down	1967/07/22	70	5	70	70	1182
SammyHagar_GiveToLive_1987	Sammy Hagar	Give To Live	1987/07/11	23	17	52	52	465
SammyHagar_ICantDrive55_1984	Sammy Hagar	I Can't Drive 55	1984/11/17	26	16	27	27	353
Santana_EvilWays_1970	Santana	Evil Ways	1970/04/04	9	13	18	18	364
SantoAndJohnny_SleepWalk_1959	Santo & Johnny	Sleep Walk	1959/08/24, 1959/08/10	1, 1	18, 18	8, 53	8, 55	157, 603
Shannon_LetTheMusicPlay_1984	Shannon	Let The Music Play	1984/01/14	8	24	26	26	1279
ShirleyBrown_WomanToWoman_1975	Shirley Brown	Woman To Woman	1975/01/25	22	14	53	54	400
SimonAndGarfunkel_AHazyShadeOfWinter_1966	Simon & Garfunkel	A Hazy Shade Of Winter	1966/11/26	13	9	18	17	1121
SimonAndGarfunkel_Cecilia_1970	Simon & Garfunkel	Cecilia	1970/05/30	4	13	4	4	560
SimonAndGarfunkel_ElCondorPasa_1970	Simon & Garfunkel	El Condor Pasa	1970/09/26	18	11	38	38	1261
SimonAndGarfunkel_FakinIt_1967	Simon & Garfunkel	Fakin' It	1967/09/16	23	8	65	65	947
SimonAndGarfunkel_MrsRobinson_1968	Simon & Garfunkel	Mrs. Robinson	1968/06/01	1	13	2	1	616
SimonAndGarfunkel_TheSoundsOfSilence_1965	Simon & Garfunkel	The Sounds Of Silence	1965/12/11	1	14	27	26	1153
SimpleMinds_SanctifyYourself_1986	Simple Minds	Sanctify Yourself	1986/03/22	14	14	12	14	254
SlyAndTheFamilyStone_HotFunInTheSummertime_1969	Sly & The Family Stone	Hot Fun In The Summertime	1969/11/15	2	16	12	12	70
SlyAndTheFamilyStone_IWantToTakeYouHigher_1969	Sly & The Family Stone	I Want To Take You Higher	1969/06/28	38	16	59	60	614
SmokeyRobinson_Cruisin_1980	Smokey Robinson	Cruisin'	1980/03/01, 1980/03/08, 1979/12/01	4, 4, 4	25, 25, 25	5, 15, 29	7, 15, 28	307, 1133, 1162
Snap_ThePower_1990	Snap	The Power	1990/06/09, 1990/05/26	2, 2	22, 22	30, 52	28, 50	40, 742
SoftCell_TaintedLove_1982	Soft Cell	Tainted Love	1982/01/30	8	43	75	73	654
SolomonBurke_IfYouNeedMe_1963	Solomon Burke	If You Need Me	1963/04/20, 1963/06/29	37, 37	11, 11	93, 67	91, 69	160, 172
SonnyAndCher_ACowboysWorkIsNeverDone_1972	Sonny & Cher	A Cowboys Work Is Never Done	1972/04/15	8	13	10	10	1147
SonnyAndCher_AllIEverNeedIsYou_1971	Sonny & Cher	All I Ever Need Is You	1971/12/11	7	15	8	8	950
SonnyAndCher_BabyDontGo_1965	Sonny & Cher	Baby Don't Go	1965/09/18	8	12	23	22	1212
SpandauBallet_True_1983	Spandau Ballet	TRUE	1983/08/20	4	18	41	42	91
StephanieMills_NeverKnewLoveLikeThisBefore_1980	Stephanie Mills	Never Knew Love Like This Before	1980/12/06	6	25	33	33	1112
Steppenwolf_BornToBeWild_1968	Steppenwolf	Born To Be Wild	1968/10/05	2	13	22	23	841
SteveMillerBand_RocknMe_1976	Steve Miller Band	Rock'n Me	1976/09/25	1	18	20	21	1249
SteveMillerBand_TheJoker_1973	Steve Miller Band	The Joker	1973/11/10, 1974/01/19	1, 1	20, 20	44,  1	46,  2	29, 504
SteveWinwood_BackInTheHighLifeAgain_1987	Steve Winwood	Back In The High Life Again	1987/09/05	13	21	36	37	207
SteveWinwood_DontYouKnowWhatTheNightCanDo_1988	Steve Winwood	Don't You Know What The Night Can Do?	1988/10/15	6	17	7	7	889
StevieB_BecauseILoveYou_1991	Stevie B	Because I Love You (The Postman Song)	1991/02/16, 1991/02/23	1, 1	23, 23	50, 63	49, 65	242, 782
StevieWonder_DoIDo_1982	Stevie Wonder	Do I Do	1982/07/10	13	14	13	13	736
StevieWonder_HigherGround_1973	Stevie Wonder	Higher Ground	1973/09/01	4	14	29	30	625
StevieWonder_IfYouReallyLoveMe_1971	Stevie Wonder	If You Really Love Me	1971/09/04	8	14	36	37	631
StevieWonder_ThatGirl_1982	Stevie Wonder	That Girl	1982/01/16, 1982/03/06	4, 4	18, 18	70,  6	72,  5	683, 768
Sting_AllThisTime_1991	Sting	All This Time	1991/02/23	5	15	14	13	1012
Sting_IfYouLoveSomebodySetThemFree_1985	Sting	If You Love Somebody Set Them Free	1985/08/10	3	18	2	3	384
StrayCats_IWontStandInYourWay_1983	Stray Cats	I Won't Stand In Your Way	1983/11/19	35	12	50	48	1197
StrayCats_RockThisTown_1982	Stray Cats	Rock This Town	1982/11/27, 1983/01/29	9, 9	21, 21	13, 84	12, 85	1102, 1150
SwinginMedallions_DoubleShot_1966	Swingin' Medallions	Double Shot (Of My Baby's Love)	1966/04/30	17	13	93	92	549
Switch_TherellNeverBe_1978	Switch	There'll Never Be	1978/11/25	36	13	41	41	1078
TalkingHeads_AndSheWas_1985	Talking Heads	And She Was	1985/12/07, 1985/11/30	54, 54	20, 20	88, 66	87, 65	23, 870
TalkingHeads_BurningDownTheHouse_1983	Talking Heads	Burning Down The House	1983/08/20	9	20	53	54	844
TanyaTucker_HeresSomeLove_1976	Tanya Tucker	Here's Some Love	1976/10/09	82	5	88	87	19
TeddyPendergrass_IDontLoveYouAnymore_1977	Teddy Pendergrass	I Don't Love You Anymore	1977/06/25	41	14	51	51	797
TenYearsAfter_IdLoveToChangeTheWorld_1971	Ten Years After	I'd Love To Change The World	1971/11/13, 1971/10/02	40, 40	12, 12	42, 86	42, 86	248, 751
TevinCampbell_TellMeWhatYouWantMeToDo_1991	Tevin Campbell	Tell Me What You Want Me To Do	1991/11/16	6	25	74	74	1145
The5thDimension_GoWhereYouWannaGo_1967	The 5th Dimension	Go Where You Wanna Go	1967/01/21	16	10	70	71	330
The5thDimension_IDidntGetToSleepAtAll_1972	The 5th Dimension	(Last Night) I Didn't Get To Sleep At All	1972/04/29	8	16	33	34	265
The5thDimension_IfICouldReachYou_1972	The 5th Dimension	If I Could Reach You	1972/09/23	10	15	47	47	433
The5thDimension_NeverMyLove_1971	The 5th Dimension	Never My Love	1971/11/20	12	11	18	19	22
The5thDimension_OneLessBellToAnswer_1971	The 5th Dimension	One Less Bell To Answer	1971/02/13	2	19	12	13	1127
TheAlanParsonsProject_EyeInTheSky_1982	The Alan Parsons Project	Eye In The Sky	1982/07/31	3	25	33	35	956
TheAllmanBrothersBand_StraightFromTheHeart_1981	The Allman Brothers Band	Straight From The Heart	1981/09/19	39	11	39	39	798
TheAmboyDukes_JourneyToTheCenterOfTheMind_1968	The Amboy Dukes	Journey To The Center Of The Mind	1968/07/20	16	12	46	47	828
TheAnimals_SanFranciscanNights_1967	The Animals	San Franciscan Nights	1967/09/16	9	10	9	9	168
TheBabys_EveryTimeIThinkOfYou_1979	The Babys	Every Time I Think Of You	1979/02/03	13	16	37	37	1070
TheBand_LifeIsACarnival_1971	The Band	Life Is A Carnival	1971/11/20	72	6	77	75	234
TheBeachBoys_BluebirdsOverTheMountain_1969	The Beach Boys	Bluebirds Over The Mountain	1969/01/11	61	6	63	62	427
TheBeachBoys_InMyRoom_1963	The Beach Boys	In My Room	1963/11/23	23	11	44	44	270
TheBeachBoys_Kokomo_1988	The Beach Boys	Kokomo (from the film Cocktail)	1988/09/17	1	28	57	58	974
TheBeachBoys_SailOnSailor_1975	The Beach Boys	Sail On Sailor	1975/06/07	49	17	77	79	239
TheBeachBoys_StillCruisin_1989	The Beach Boys	Still Cruisin	1989/09/02	93	3	96	95	228
TheBeachBoys_SurfinSafari_1962	The Beach Boys	Surfin' Safari	1962/08/18	14	17	77	79	838
TheBeachBoys_Wendy_1964	The Beach Boys	Wendy	1964/11/21	44	6	56	56	479
TheBeatles_AHardDaysNight_1964	The Beatles	A Hard Day's Night	1964/09/19	1	13	12	12	1142
TheBeatles_ComeTogether_1969	The Beatles	Come Together	1969/10/25	1	16	13	13	473
TheBeatles_DoYouWantToKnowASecret_1964	The Beatles	Do You Want To Know A Secret	1964/03/28	2	11	80	78	302
TheBeatles_EightDaysAWeek_1965	The Beatles	Eight Days A Week	1965/03/27	1	10	2	4	727
TheBeatles_Help_1965	The Beatles	Help!	1965/10/30	1	13	33	32	1244
TheBeatles_IDontWantToSpoilTheParty_1965	The Beatles	I Don't Want To Spoil The Party	1965/03/20	39	6	40	39	1213
TheBeatles_ISawHerStandingThere_1964	The Beatles	I Saw Her Standing There	1964/02/15	14	11	56	54	853
TheBeatles_LoveMeDo_1964	The Beatles	Love Me Do	1964/07/11	1	14	23	24	50
TheBeatles_ObLaDiObLaDa_1976	The Beatles	Ob-La-Di, Ob-La-Da	1976/12/11	49	7	49	49	1107
TheBeatles_ShesAWoman_1964	The Beatles	She's A Woman	1964/12/12	4	9	30	29	1193
TheBoxTops_CryLikeABaby_1968	The Box Tops	Cry Like A Baby	1968/04/20	2	15	1	3	935
TheBoys_DialMyHeart_1988	The Boys	Dial My Heart	1988/12/24	13	19	46	46	78
TheBuckinghams_KindOfADrag_1967	The Buckinghams	Kind Of A Drag	1967/01/07	1	13	66	66	369
TheByrds_EightMilesHigh_1966	The Byrds	Eight Miles High	1966/06/04	14	9	33	32	111
TheByrds_GoinBack_1967	The Byrds	Goin' Back	1967/11/18	89	3	92	94	1033
TheCastaways_LiarLiar_1965	The Castaways	Liar, Liar	1965/10/09	12	14	18	18	848
TheChiffons_HesSoFine_1963	The Chiffons	He's So Fine	1963/03/09	1	15	17	19	1292
TheChiffons_SweetTalkinGuy_1966	The Chiffons	Sweet Talkin' Guy	1966/05/07	10	10	88	86	26
TheContours_DoYouLoveMe_1988	The Contours	Do You Love Me	1988/06/18, 1962/11/10, 1988/07/09	3, 3, 3	34, 34, 34	57,  7, 28	58,  9, 28	66, 335, 849
TheCowsills_Hair_1969	The Cowsills	Hair	1969/03/15	2	15	85	84	770
TheCowsills_SilverThreadsAndGoldenNeedles_1969	The Cowsills	Silver Threads And Golden Needles	1969/10/18	74	7	83	84	474
TheCrystals_HesARebel_1962	The Crystals	He's A Rebel	1962/12/08, 1962/09/29	1, 1	18, 18	12, 44	11, 44	404, 1091
TheCrystals_TheresNoOther_1961	The Crystals	There's No Other (Like My Baby)	1961/11/20	20	9	91	92	1094
TheCure_JustLikeHeaven_1988	The Cure	Just Like Heaven	1988/02/13	40	19	93	92	359
TheDoobieBrothers_EchoesOfLove_1977	The Doobie Brothers	Echoes Of Love	1977/10/29	66	7	78	76	1200
TheDoors_RidersOnTheStorm_1971	The Doors	Riders On The Storm	1971/07/24	14	12	41	39	945
TheDramatics_HeyYouGetOffMyMountain_1973	The Dramatics	Hey You! Get Off My Mountain	1973/05/26	43	12	64	65	1020
TheDrifters_OnBroadway_1963	The Drifters	On Broadway	1963/03/30, 1963/04/06	9, 9	10, 10	54, 36	56, 37	461, 781
TheEagles_AlreadyGone_1974	The Eagles	Already Gone	1974/05/04	32	15	99	97	209
TheEagles_BestOfMyLove_1975	The Eagles	Best Of My Love	1975/02/22	1	19	4	2	1061
TheEagles_LyinEyes_1975	The Eagles	Lyin' Eyes	1975/10/04	2	14	19	18	296
TheEagles_TheLongRun_1980	The Eagles	The Long Run	1980/03/15	8	15	99	99	591
TheElectricPrunes_IHadTooMuchToDream_1967	The Electric Prunes	I Had Too Much To Dream (Last Night)	1967/01/07	11	14	49	47	134
TheEverlyBrothers_BirdDog_1958	The Everly Brothers	Bird Dog	1958/12/01, 1958/08/18	2, 2	19, 19	79, 16	78, 17	322, 733
TheEverlyBrothers_EbonyEyes_1961	The Everly Brothers	Ebony Eyes	1961/04/10, 1961/03/13	8, 8	12, 12	30,  7	31,  9	1116, 1297
TheEverlyBrothers_OnTheWingsOfANightingale_1984	The Everly Brothers	On The Wings Of A Nightingale	1984/11/03	50	12	87	88	809
TheEverlyBrothers_ThatsOldFashioned_1962	The Everly Brothers	That's Old Fashioned (That's The Way Love Should Be)	1962/06/30	9	9	10	12	1248
TheEverlyBrothers_WalkRightBack_1961	The Everly Brothers	Walk Right Back	1961/05/01	7	13	52	50	153
TheFabulousThunderbirds_TuffEnuff_1986	The Fabulous Thunderbirds	Tuff Enuff	1986/06/28	10	19	14	15	1062
TheFalcons_IFoundALove_1962	The Falcons	I Found A Love	1962/05/26	75	9	75	75	580
TheFireballs_SugarShack_1963	The Fireballs	Sugar Shack	1963/12/14	1	15	13	13	674
TheGregKihnBand_HappyMan_1982	The Greg Kihn Band	Happy Man	1982/05/22	62	7	88	86	1246
TheGregKihnBand_Lucky_1985	The Greg Kihn Band	Lucky	1985/02/16	30	12	70	72	1027
TheHollies_CarrieAnne_1967	The Hollies	Carrie-Anne	1967/08/26	9	13	18	18	477
TheHollies_LongDarkRoad_1972	The Hollies	Long Dark Road	1972/11/18	26	11	51	52	290
TheIsleyBrothers_ItsYourThing_1969	The Isley Brothers	It's Your Thing	1969/06/07	2	14	19	19	391
TheJacksons_DancingMachine_1974	The Jacksons	Dancing Machine	1974/08/10	2	22	68	69	985
TheJGeilsBand_FreezeFrame_1982	The J. Geils Band	Freeze-Frame	1982/03/20	4	16	19	18	1002
TheJacksons_IWantYouBack_1969	The Jacksons	I Want You Back	1969/11/29	1	19	49	51	1178
TheJGeilsBand_JustCantWait_1980	The J. Geils Band	Just Can't Wait	1980/08/02	78	5	91	90	21
TheJGeilsBand_LookingForALove_1972	The J. Geils Band	Looking For A Love	1972/01/29, 1972/01/22	39, 39	10, 10	44, 40	45, 39	662, 664
TheJGeilsBand_MustOfGotLost_1974	The J. Geils Band	Must Of Got Lost	1974/12/07	12	11	24	24	1069
TheJGeilsBand_OneLastKiss_1978	The J. Geils Band	One Last Kiss	1978/12/02	35	13	65	65	478
TheKendalls_HeavensJustASinAway_1977	The Kendalls	Heaven's Just A Sin Away	1977/11/19	69	7	78	80	671
TheKinks_BetterThings_1981	The Kinks	Better Things	1981/12/05	92	8	99	97	443
TheKinks_TillTheEndOfTheDay_1966	The Kinks	Till The End Of The Day	1966/04/23	50	8	60	61	904
TheLas_ThereSheGoes_1991	The La's	There She Goes	1991/07/27	49	10	80	80	1289
ThelmaHouston_DontLeaveMeThisWay_1977	Thelma Houston	Don't Leave Me This Way	1977/05/28	1	24	65	64	1086
TheMeters_LookKaPyPy_1970	The Meters	Look-Ka Py Py	1970/01/31	56	10	56	56	1096
TheMiracles_BabyBabyDontCry_1969	The Miracles	Baby, Baby Don't Cry	1969/03/22, 1969/01/04	8, 8	14, 14	17, 54	17, 53	481, 1186
TheMiracles_IDontBlameYouAtAll_1971	The Miracles	I Don't Blame You At All	1971/04/03	18	12	52	50	582
TheMiracles_ISecondThatEmotion_1968	The Miracles	I Second That Emotion	1968/01/20	4	15	7	8	946
TheMiracles_MightyGoodLovin_1961	The Miracles	Mighty Good Lovin'	1961/08/14	51	6	51	51	1134
TheMoments_WalkRightIn_1963	The Moments	Walk Right In	1963/01/12	82	5	98	100	554
TheMusicExplosion_LittleBitOSoul_1967	The Music Explosion	Little Bit O' Soul	1967/05/20	2	16	73	73	467
TheMusicMachine_ThePeopleInMe_1967	The Music Machine	The People In Me	1967/01/28	66	8	99	100	643
TheOJays_LoveTrain_1973	The O'Jays	Love Train	1973/04/21	1	14	29	28	202
TheOsmonds_OneBadApple_1971	The Osmonds	One Bad Apple	1971/01/09	1	15	65	64	432
ThePointerSisters_HesSoShy_1980	The Pointer Sisters	He's So Shy	1980/08/09	3	26	61	62	663
ThePointerSisters_Jump_1984	The Pointer Sisters	Jump (for My Love)	1984/05/26, 1984/04/28	3, 3	24, 24	22, 64	22, 62	448, 850
ThePolice_DontStandSoCloseToMe_1981	The Police	Don't Stand So Close To Me	1981/03/21, 1981/04/04	10, 10	18, 18	14, 11	15, 12	492, 881
ThePolice_EveryLittleThingSheDoesIsMagic_1981	The Police	Every Little Thing She Does Is Magic	1981/12/26	3	19	18	20	293
ThePolice_SpiritsInTheMaterialWorld_1982	The Police	Spirits In The Material World	1982/03/27	11	13	30	31	148
ThePowerStation_SomeLikeItHot_1985	The Power Station	Some Like It Hot	1985/04/06	6	18	25	24	44
TheRascals_PeopleGotToBeFree_1968	The Rascals	People Got To Be Free	1968/07/20	1	14	66	64	191
TheRembrandts_Someone_1991	The Rembrandts	Someone	1991/06/01	78	10	91	93	414
TheRighteousBrothers_SoulAndInspiration_1966	The Righteous Brothers	(You're My) Soul And Inspiration	1966/03/05, 1966/03/26	1, 1	13, 13	92,  9	90,  8	785, 1151
TheRighteousBrothers_UnchainedMelody_1965	The Righteous Brothers	Unchained Melody	1965/08/14, 1990/10/20	4, 13	13, 44	6, 25	6, 25	587, 1007
TheRitchieFamily_TheBestDiscoInTown_1976	The Ritchie Family	The Best Disco In Town	1976/10/23	17	20	26	25	925
TheRobertCrayBand_SmokingGun_1987	The Robert Cray Band	Smoking Gun	1987/03/07, 1987/03/07	22, 22	14, 14	56, 58	56, 56	55, 329
TheRollingStones_Dandelion_1967	The Rolling Stones	Dandelion	1967/09/16	14	8	43	42	264
TheRollingStones_DooDooDooDooDoo_1974	The Rolling Stones	Doo Doo Doo Doo Doo (Heartbreaker)	1974/03/02	15	11	25	25	345
TheRollingStones_GoingToAGoGo_1982	The Rolling Stones	Going To A Go-Go	1982/06/12	25	11	67	66	512
TheRollingStones_HaveYouSeenYourMotherBabyStandingInTheShadow_1966	The Rolling Stones	Have You Seen Your Mother, Baby, Standing In The Shadow?	1966/11/12	9	7	17	16	244
TheRollingStones_HonkyTonkWomen_1969	The Rolling Stones	Honky Tonk Women	1969/07/19, 1969/10/04	1, 1	15, 15	78,  7	79,  6	229, 1266
TheRollingStones_ItsOnlyRockNRoll_1974	The Rolling Stones	It's Only Rock 'N Roll (But I Like It)	1974/09/14	16	10	17	17	39
TheRollingStones_MissYou_1978	The Rolling Stones	Miss You	1978/07/29	1	20	3	3	958
TheRollingStones_NotFadeAway_1964	The Rolling Stones	Not Fade Away	1964/06/13	48	13	76	78	457
TheRollingStones_TimeIsOnMySide_1964	The Rolling Stones	Time Is On My Side	1964/11/14, 1964/11/07, 1964/10/24	6, 6, 6	13, 13, 13	18, 31, 64	18, 30, 65	387, 597, 780
TheRollingStones_TumblingDice_1972	The Rolling Stones	Tumbling Dice	1972/06/24	7	10	24	24	130
TheRollingStones_WaitingOnAFriend_1982	The Rolling Stones	Waiting On A Friend	1982/01/09, 1982/02/27	13, 13	15, 15	19, 34	20, 35	278, 332
TheRollingStones_WildHorses_1971	The Rolling Stones	Wild Horses	1971/06/19	28	8	83	85	94
TheRonettes_BeMyBaby_1963	The Ronettes	Be My Baby	1963/09/28, 1963/09/28	2, 2	13, 13	1, 3	3, 3	120, 903
TheShirelles_WillYouLoveMeTomorrow_1961	The Shirelles	Will You Love Me Tomorrow	1961/01/09	1	19	6	5	1239
TheSopwithCamel_HelloHello_1967	The Sopwith Camel	Hello Hello	1967/01/07	26	10	63	65	964
TheStapleSingers_CityInTheSky_1974	The Staple Singers	City In The Sky	1974/08/31	79	7	82	81	497
TheStapleSingers_IllTakeYouThere_1972	The Staple Singers	I'll Take You There	1972/07/01	1	15	12	12	46
TheStringALongs_Wheels_1961	The String-A-Longs	Wheels	1961/02/06, 1961/04/03, 1961/02/06	3, 3, 3	16, 16, 16	32, 12, 33	32, 12, 32	147, 318, 863
TheSupremes_FloyJoy_1972	The Supremes	Floy Joy	1972/01/08	16	12	100	98	320
TheSupremes_StonedLove_1970	The Supremes	Stoned Love	1970/11/07	7	14	61	61	649
TheTeeSet_MaBelleAmie_1970	The Tee Set	Ma Belle Amie	1970/01/24	5	12	83	83	109
TheTemptations_AintTooProudToBeg_1966	The Temptations	Ain't Too Proud To Beg	1966/08/20	13	13	41	42	468
TheTemptations_IWishItWouldRain_1968	The Temptations	I Wish It Would Rain	1968/02/24	4	14	4	4	900
TheTrammps_DiscoInferno_1977	The Trammps	Disco Inferno	1977/03/12, 1977/04/16	11, 11	29, 29	80, 54	79, 53	546, 1016
TheTurtles_HappyTogether_1967	The Turtles	Happy Together	1967/04/22	1	15	2	2	1290
TheVentures_Perfidia_1960	The Ventures	Perfidia	1960/11/07	15	13	44	44	926
TheWeatherGirls_ItsRainingMen_1983	The Weather Girls	It's Raining Men	1983/01/29	46	11	80	78	651
TheWho_HappyJack_1967	The Who	Happy Jack	1967/04/22	24	9	82	83	891
TheWho_PinballWizard_1969	The Who	Pinball Wizard	1969/04/26	19	11	48	46	421
TheYardbirds_HeartFullOfSoul_1965	The Yardbirds	Heart Full Of Soul	1965/07/31	9	12	86	86	579
TheYardbirds_ShapesOfThings_1966	The Yardbirds	Shapes Of Things	1966/05/28	11	11	36	36	990
TheYoungbloods_GetTogether_1969	The Youngbloods	Get Together	1969/09/06, 1969/09/20	5, 5	25, 25	5, 8	5, 7	72, 1136
TinaTurner_PrivateDancer_1985	Tina Turner	Private Dancer	1985/05/11, 1985/03/09, 1985/04/27	7, 7, 7	18, 18, 18	78, 17, 65	80, 15, 64	524, 1098, 1183
TinaTurner_TheBest_1989	Tina Turner	The Best	1989/11/04	15	14	14	15	348
TinaTurner_WeDontNeedAnotherHero_1985	Tina Turner	We Don't Need Another Hero (Thunderdome)	1985/09/07	2	18	1	3	1031
TinaTurner_WhatsLoveGotToDoWithIt_1984	Tina Turner	What's Love Got To Do With It	1984/09/29	1	28	7	6	150
TinaTurner_WhatYouGetIsWhatYouSee_1987	Tina Turner	What You Get Is What You See	1987/03/07	13	14	33	32	1104
ToddRundgren_ADreamGoesOnForever_1974	Todd Rundgren	A Dream Goes On Forever	1974/05/11	69	6	77	78	895
ToddRundgren_CanWeStillBeFriends_1978	Todd Rundgren	Can We Still Be Friends	1978/09/02	29	15	91	93	1076
TomJones_ShesALady_1971	Tom Jones	She's A Lady	1971/02/20, 1971/04/17	2, 2	14, 14	22,  4	24,  4	210, 260
TommyJames_CrystalBluePersuasion_1969	Tommy James	Crystal Blue Persuasion	1969/07/05	2	15	8	7	528
TommyJames_MonyMony_1968	Tommy James	Mony Mony	1968/05/25	3	17	13	12	928
TomTHall_ILove_1973	Tom T. Hall	I Love	1973/12/29	12	16	58	57	606
TomTHall_TheYearThatClaytonDelaneyDied_1971	Tom T. Hall	The Year That Clayton Delaney Died	1971/10/23	42	12	40	42	1194
TracieSpencer_ThisHouse_1990	Tracie Spencer	This House	1990/12/22	3	23	87	89	530
TracyChapman_BabyCanIHoldYou_1989	Tracy Chapman	Baby Can I Hold You	1989/01/14	48	12	52	52	747
U2_WithOrWithoutYou_1987	U2	With Or Without You	1987/06/27	1	18	38	38	681
UB40_RedRedWine_1984	UB40	Red Red Wine	1984/04/07	1	40	33	34	83
UB40_TheWayYouDoTheThingsYouDo_1990	UB40	The Way You Do The Things You Do	1990/09/29, 1990/10/06	6, 6	25, 25	79, 60	79, 61	139, 885
UrbanDanceSquad_DeeperShadeOfSoul_1991	Urban Dance Squad	Deeper Shade Of Soul	1991/02/16	21	18	27	28	339
VanHalen_WhenItsLove_1988	Van Halen	When It's Love	1988/07/30	29	2	30	29	1281
VillagePeople_InTheNavy_1979	Village People	In The Navy	1979/05/12	3	18	4	5	306
WangChung_DanceHallDays_1984	Wang Chung	Dance Hall Days	1984/08/25	16	22	69	71	886
WaylonJennings_AreYouSureHankDoneItThisWay_1975	Waylon Jennings	Are You Sure Hank Done It This Way	1975/10/11	60	9	71	70	1139
WaylonJennings_ThemeFromTheDukesOfHazzard_1980	Waylon Jennings	Theme From The Dukes Of Hazzard (Good Ol' Boys)	1980/09/20	21	23	87	86	802
Wednesday_LastKiss_1974	Wednesday	Last Kiss	1974/03/02, 1974/02/09	34, 34	18, 18	35, 42	34, 43	263, 362
Wham_WakeMeUpBeforeYouGoGo_1984	Wham!	Wake Me Up Before You Go-Go	1984/10/27	1	24	6	6	542
Whitesnake_HereIGoAgain_1987	Whitesnake	Here I Go Again	1987/09/26	1	28	1	2	300
WildCherry_PlayThatFunkyMusic_1976	Wild Cherry	Play That Funky Music	1976/07/24	1	25	47	47	1014
WillieMitchell_2075_1964	Willie Mitchell	20-75	1964/10/31	31	10	40	40	1247
WillieNelson_BlueEyesCryingInTheRain_1975	Willie Nelson	Blue Eyes Crying In The Rain	1975/11/01	21	18	28	29	126
WilsonPhillips_HoldOn_1990	Wilson Phillips	Hold On	1990/04/14, 1990/03/31, 1990/05/26	1, 1, 1	25, 25, 25	23, 44,  4	25, 43,  4	385, 628, 911
WilsonPickett_DontKnockMyLovePt1_1971	Wilson Pickett	Don't Knock My Love - Pt. 1	1971/06/05	13	12	20	20	677
WilsonPickett_IFoundATrueLove_1968	Wilson Pickett	I Found A True Love	1968/10/05	42	7	50	49	943
WilsonPickett_ImInLove_1967	Wilson Pickett	I'm In Love	1967/12/02	45	10	83	82	1221
WilsonPickett_InTheMidnightHour_1965	Wilson Pickett	In The Midnight Hour	1965/07/10	21	12	85	83	1018
WilsonPickett_SoulDanceNumberThree_1967	Wilson Pickett	Soul Dance Number Three	1967/07/01	55	5	60	60	1021
Yaz_Situation_1982	Yaz	Situation	1982/10/16	73	8	74	73	594
YoungMC_BustAMove_1990	Young MC	Bust A Move	1990/04/07	7	39	76	74	1106
YvonneElliman_IfICantHaveYou_1978	Yvonne Elliman	If I Can't Have You	1978/03/04	1	22	30	29	34
ZZTop_LaGrange_1974	ZZ Top	La Grange	1974/06/29	41	19	43	41	140
